,    Solvables       ,        Solution 1       ,        Solution 2       ,        Solution 3       ,        Solution 4       ,        Solution 5       ,        Solution 6       ,        Solution 7       ,        Solution 8       ,        Solution 9       ,        Solution 10       ,        Solution 11       
1,    1 1 1 8 ,  (1+1+1)×8 ,,,,,,,,,,
2,    1 1 1 11 ,  (11+1)×(1+1) ,,,,,,,,,,
3,    1 1 1 12 ,  (1+1)×12×1 ,,,,,,,,,,
4,    1 1 1 13 ,  (13-1)×(1+1) ,,,,,,,,,,
5,    1 1 2 6 ,  (1+1)×6×2 ,  (2+1+1)×6 ,,,,,,,,,
6,    1 1 2 7 ,  (7+1)×(2+1) ,,,,,,,,,,
7,    1 1 2 8 ,  (2+1)×8×1 ,,,,,,,,,,
8,    1 1 2 9 ,  (9-1)×(2+1) ,,,,,,,,,,
9,    1 1 2 10 ,  (10+2)×(1+1) ,  (10+1+1)×2 ,,,,,,,,,
10,    1 1 2 11 ,  11×2+1+1 ,  (1+1)×11+2 ,  (11+1)×2×1 ,,,,,,,,
11,    1 1 2 12 ,  12×2+1-1 ,  12/(1-1/2) ,,,,,,,,,
12,    1 1 2 13 ,  13×2-1-1 ,  (1+1)×13-2 ,  (13-1)×2×1 ,,,,,,,,
13,    1 1 3 4 ,  (1+1)×4×3 ,,,,,,,,,,
14,    1 1 3 5 ,  (5+1)×(3+1) ,,,,,,,,,,
15,    1 1 3 6 ,  (6+1+1)×3 ,  (3+1)×6×1 ,,,,,,,,,
16,    1 1 3 7 ,  (7-1)×(3+1) ,  (7+1)×3×1 ,,,,,,,,,
17,    1 1 3 8 ,  8×3+1-1 ,,,,,,,,,,
18,    1 1 3 9 ,  (9+3)×(1+1) ,  (9-1)×3×1 ,,,,,,,,,
19,    1 1 3 10 ,  (10-1-1)×3 ,,,,,,,,,,
20,    1 1 3 11 ,  (11+1)×(3-1) ,,,,,,,,,,
21,    1 1 3 12 ,  (3-1)×12×1 ,,,,,,,,,,
22,    1 1 3 13 ,  (13-1)×(3-1) ,,,,,,,,,,
23,    1 1 4 4 ,  (4+1+1)×4 ,,,,,,,,,,
24,    1 1 4 5 ,  (4+1)×5-1 ,  (5+1)×4×1 ,,,,,,,,,
25,    1 1 4 6 ,  6×4+1-1 ,,,,,,,,,,
26,    1 1 4 7 ,  (7-1)×4×1 ,  (7+1)×(4-1) ,,,,,,,,,
27,    1 1 4 8 ,  (8+4)×(1+1) ,  (8-1-1)×4 ,  (4-1)×8×1 ,,,,,,,,
28,    1 1 4 9 ,  (9-1)×(4-1) ,,,,,,,,,,
29,    1 1 4 10 ,  (1+1)×10+4 ,,,,,,,,,,
30,    1 1 4 12 ,  12×4/(1+1) ,  (4-1-1)×12 ,,,,,,,,,
31,    1 1 5 5 ,  (5+1)×(5-1) ,  (5×5-1)×1 ,,,,,,,,,
32,    1 1 5 6 ,  (5-1)×6×1 ,  (6-1)×5-1 ,,,,,,,,,
33,    1 1 5 7 ,  (7+5)×(1+1) ,  (7-1)×(5-1) ,,,,,,,,,
34,    1 1 5 8 ,  (5-1-1)×8 ,,,,,,,,,,
35,    1 1 6 6 ,  (6+6)×(1+1) ,  (6-1-1)×6 ,,,,,,,,,
36,    1 1 6 8 ,  8×6/(1+1) ,,,,,,,,,,
37,    1 1 6 9 ,  (1+1)×9+6 ,,,,,,,,,,
38,    1 1 6 12 ,  (1+1)×6+12 ,,,,,,,,,,
39,    1 1 7 10 ,  (1+1)×7+10 ,,,,,,,,,,
40,    1 1 8 8 ,  (1+1)×8+8 ,,,,,,,,,,
41,    1 1 9 13 ,  13+9+1+1 ,,,,,,,,,,
42,    1 1 10 12 ,  12+10+1+1 ,,,,,,,,,,
43,    1 1 10 13 ,  (13+10+1)×1 ,,,,,,,,,,
44,    1 1 11 11 ,  11+11+1+1 ,,,,,,,,,,
45,    1 1 11 12 ,  (12+11+1)×1 ,,,,,,,,,,
46,    1 1 11 13 ,  13+11+1-1 ,,,,,,,,,,
47,    1 1 12 12 ,  12+12+1-1 ,,,,,,,,,,
48,    1 1 12 13 ,  (13+12-1)×1 ,,,,,,,,,,
49,    1 1 13 13 ,  13+13-1-1 ,,,,,,,,,,
50,    1 2 2 4 ,  (2+1)×4×2 ,,,,,,,,,,
51,    1 2 2 5 ,  (5+1)×(2+2) ,  (5+1)×2×2 ,,,,,,,,,
52,    1 2 2 6 ,  (6+2)×(2+1) ,  6×2×2×1 ,  (2+2)×6×1 ,,,,,,,,
53,    1 2 2 7 ,  (7-1)×(2+2) ,  (7-1)×2×2 ,,,,,,,,,
54,    1 2 2 8 ,  (2+2-1)×8 ,  (2×2-1)×8 ,,,,,,,,,
55,    1 2 2 9 ,  (9+2+1)×2 ,,,,,,,,,,
56,    1 2 2 10 ,  (10-2)×(2+1) ,  (10+2)×2×1 ,  (10+1)×2+2 ,,,,,,,,
57,    1 2 2 11 ,  (11+2-1)×2 ,  (11×2+2)×1 ,,,,,,,,,
58,    1 2 2 12 ,  (2-1)×12×2 ,  (12+1)×2-2 ,  (12-1)×2+2 ,  (2/2+1)×12 ,,,,,,,
59,    1 2 2 13 ,  (13+1-2)×2 ,  (13×2-2)×1 ,,,,,,,,,
60,    1 2 3 3 ,  (3+1)×3×2 ,,,,,,,,,,
61,    1 2 3 4 ,  (3+2+1)×4 ,  4×3×2×1 ,  (4+2)×(3+1) ,,,,,,,,
62,    1 2 3 5 ,  (5+3)×(2+1) ,  (5+2+1)×3 ,  (5-1)×3×2 ,  (3+2)×5-1 ,,,,,,,
63,    1 2 3 6 ,  (3+2-1)×6 ,  (6+2)×3×1 ,  (3-1)×6×2 ,,,,,,,,
64,    1 2 3 7 ,  7×3+2+1 ,  (2+1)×7+3 ,  (7+2-1)×3 ,,,,,,,,
65,    1 2 3 8 ,  (2-1)×8×3 ,  (8-2)×(3+1) ,  (8+3+1)×2 ,  8/(1-2/3) ,,,,,,,
66,    1 2 3 9 ,  9×3-2-1 ,  (2+1)×9-3 ,  (9+3)×2×1 ,  (9+1-2)×3 ,,,,,,,
67,    1 2 3 10 ,  10×2+3+1 ,  (10-2)×3×1 ,  (10+3-1)×2 ,  (10+2)×(3-1) ,,,,,,,
68,    1 2 3 11 ,  (11-3)×(2+1) ,  (11-2-1)×3 ,  11×2+3-1 ,  (3-1)×11+2 ,,,,,,,
69,    1 2 3 12 ,  (3+1-2)×12 ,  (3+1)×12/2 ,  12/(3/2-1) ,,,,,,,,
70,    1 2 3 13 ,  13×2+1-3 ,  (3-1)×13-2 ,,,,,,,,,
71,    1 2 4 4 ,  (4+4)×(2+1) ,  (4+2)×4×1 ,  (4-1)×4×2 ,,,,,,,,
72,    1 2 4 5 ,  (5+2-1)×4 ,  (4+2)×(5-1) ,,,,,,,,,
73,    1 2 4 6 ,  (2-1)×6×4 ,  (6+2)×(4-1) ,,,,,,,,,
74,    1 2 4 7 ,  (7+1-2)×4 ,  (7+4+1)×2 ,,,,,,,,,
75,    1 2 4 8 ,  (8+4)×2×1 ,  (4+1-2)×8 ,  (8-2)×4×1 ,  (4/2+1)×8 ,,,,,,,
76,    1 2 4 9 ,  (9-2-1)×4 ,  (9+4-1)×2 ,  (9+1)×2+4 ,,,,,,,,
77,    1 2 4 10 ,  (10-2)×(4-1) ,  (10×2+4)×1 ,  (10/2+1)×4 ,,,,,,,,
78,    1 2 4 11 ,  (11+1)×(4-2) ,  (11+1)×4/2 ,  (11-1)×2+4 ,,,,,,,,
79,    1 2 4 12 ,  (12-4)×(2+1) ,  (2+1)×4+12 ,  12×4×1/2 ,  (4-2)×12×1 ,  12/(1-2/4) ,,,,,,
80,    1 2 4 13 ,  (13+1)×2-4 ,  (13-1)×(4-2) ,  (13-1)×4/2 ,,,,,,,,
81,    1 2 5 5 ,  5×5+1-2 ,,,,,,,,,,
82,    1 2 5 6 ,  (5+1-2)×6 ,  (5+1)×(6-2) ,  (6+5+1)×2 ,,,,,,,,
83,    1 2 5 7 ,  (7+5)×2×1 ,  (7+1)×(5-2) ,  (7-2)×5-1 ,,,,,,,,
84,    1 2 5 8 ,  (5+1)×8/2 ,  (8+5-1)×2 ,  (8-2)×(5-1) ,  (5-2)×8×1 ,,,,,,,
85,    1 2 5 9 ,  (2+1)×5+9 ,  9×2+5+1 ,  (9-1)×(5-2) ,,,,,,,,
86,    1 2 5 10 ,  10×2+5-1 ,  10×5/2-1 ,,,,,,,,,
87,    1 2 5 12 ,  (5-2-1)×12 ,  (5+1)×2+12 ,  (5-1)×12/2 ,,,,,,,,
88,    1 2 5 13 ,  (13-5)×(2+1) ,  5×2+13+1 ,,,,,,,,,
89,    1 2 6 6 ,  (2+1)×6+6 ,  (6+6)×2×1 ,  (6-2)×6×1 ,  (6/2+1)×6 ,,,,,,,
90,    1 2 6 7 ,  (7-2-1)×6 ,  (7+6-1)×2 ,  (7+1)×6/2 ,  (7-1)×(6-2) ,,,,,,,
91,    1 2 6 8 ,  (6-2-1)×8 ,  8×6×1/2 ,  (8+1)×2+6 ,,,,,,,,
92,    1 2 6 9 ,  (9-1)×6/2 ,  (9×2+6)×1 ,,,,,,,,,
93,    1 2 6 10 ,  (2+1)×10-6 ,  (6+1)×2+10 ,  (10-1)×2+6 ,  (10/2-1)×6 ,,,,,,,
94,    1 2 6 11 ,  6×2+11+1 ,,,,,,,,,,
95,    1 2 6 12 ,  12×6/(2+1) ,  (6×2+12)×1 ,  (6/2-1)×12 ,,,,,,,,
96,    1 2 6 13 ,  6×2+13-1 ,,,,,,,,,,
97,    1 2 7 7 ,  (7×7-1)/2 ,,,,,,,,,,
98,    1 2 7 8 ,  8×2+7+1 ,  (7+1)×2+8 ,  (7-1)×8/2 ,,,,,,,,
99,    1 2 7 9 ,  9×2+7-1 ,  7×2+9+1 ,,,,,,,,,
100,    1 2 7 10 ,  (7×2+10)×1 ,,,,,,,,,,
101,    1 2 7 11 ,  7×2+11-1 ,,,,,,,,,,
102,    1 2 7 12 ,  (7-1)×2+12 ,,,,,,,,,,
103,    1 2 8 8 ,  (8×2+8)×1 ,  (8/2-1)×8 ,,,,,,,,,
104,    1 2 8 9 ,  9×8/(2+1) ,  8×2+9-1 ,  (9-1)×2+8 ,,,,,,,,
105,    1 2 8 10 ,  (8-1)×2+10 ,,,,,,,,,,
106,    1 2 8 13 ,  13+8+2+1 ,,,,,,,,,,
107,    1 2 9 11 ,  (2+1)×11-9 ,,,,,,,,,,
108,    1 2 9 12 ,  12+9+2+1 ,,,,,,,,,,
109,    1 2 9 13 ,  (13+9+2)×1 ,,,,,,,,,,
110,    1 2 10 11 ,  11+10+2+1 ,,,,,,,,,,
111,    1 2 10 12 ,  (12+10+2)×1 ,,,,,,,,,,
112,    1 2 10 13 ,  13+10+2-1 ,,,,,,,,,,
113,    1 2 11 11 ,  (11+11+2)×1 ,,,,,,,,,,
114,    1 2 11 12 ,  12+11+2-1 ,  2/(1-11/12) ,,,,,,,,,
115,    1 2 11 13 ,  (13+11)×(2-1) ,,,,,,,,,,
116,    1 2 12 12 ,  (2+1)×12-12 ,  (12+12)×(2-1) ,,,,,,,,,
117,    1 2 12 13 ,  13+12+1-2 ,  2/(13/12-1) ,,,,,,,,,
118,    1 2 13 13 ,  (13+13-2)×1 ,,,,,,,,,,
119,    1 3 3 3 ,  (3+3)×(3+1) ,  (3×3-1)×3 ,,,,,,,,,
120,    1 3 3 4 ,  (4+3+1)×3 ,  (3-1)×4×3 ,  (3+3)×4×1 ,,,,,,,,
121,    1 3 3 5 ,  (5+3)×3×1 ,  (3+3)×(5-1) ,,,,,,,,,
122,    1 3 3 6 ,  (6+3-1)×3 ,  (6+1)×3+3 ,,,,,,,,,
123,    1 3 3 7 ,  (7×3+3)×1 ,,,,,,,,,,
124,    1 3 3 8 ,  (8+1)×3-3 ,  (8-1)×3+3 ,,,,,,,,,
125,    1 3 3 9 ,  (9-3)×(3+1) ,  (9+3)×(3-1) ,  (3-1/3)×9 ,  (9×3-3)×1 ,,,,,,,
126,    1 3 3 10 ,  (10+1-3)×3 ,  (10-1)×3-3 ,,,,,,,,,
127,    1 3 3 11 ,  (11-3)×3×1 ,,,,,,,,,,
128,    1 3 3 12 ,  (3+1)×3+12 ,  (12-3-1)×3 ,  (3/3+1)×12 ,,,,,,,,
129,    1 3 4 4 ,  (4+4)×3×1 ,  (4+3-1)×4 ,,,,,,,,,
130,    1 3 4 5 ,  5×4+3+1 ,  (3+1)×5+4 ,  (5+4-1)×3 ,  (5+3)×(4-1) ,,,,,,,
131,    1 3 4 6 ,  6/(1-3/4) ,,,,,,,,,,
132,    1 3 4 7 ,  7×4-3-1 ,  (3+1)×7-4 ,  7×3+4-1 ,  (4-1)×7+3 ,,,,,,,
133,    1 3 4 8 ,  (3+1)×4+8 ,  (8+1-3)×4 ,  (8+4)×(3-1) ,  8/(4/3-1) ,,,,,,,
134,    1 3 4 9 ,  (4+1)×3+9 ,  (9-3)×4×1 ,  9×3+1-4 ,  (4-1)×9-3 ,,,,,,,
135,    1 3 4 10 ,  (10-4)×(3+1) ,  (10-3-1)×4 ,  (3-1)×10+4 ,,,,,,,,
136,    1 3 4 11 ,  (11+1-4)×3 ,  (11-3)×(4-1) ,  4×3+11+1 ,,,,,,,,
137,    1 3 4 12 ,  (12-4)×3×1 ,  (4+1-3)×12 ,  12×4/(3-1) ,  (4×3+12)×1 ,,,,,,,
138,    1 3 4 13 ,  (13-4-1)×3 ,  4×3+13-1 ,,,,,,,,,
139,    1 3 5 6 ,  6×3+5+1 ,  (5+1)×3+6 ,,,,,,,,,
140,    1 3 5 7 ,  (7+5)×(3-1) ,  (5+1)×(7-3) ,,,,,,,,,
141,    1 3 5 8 ,  (5+1-3)×8 ,  5×3+8+1 ,  (8-3)×5-1 ,,,,,,,,
142,    1 3 5 9 ,  (9-3)×(5-1) ,  (5×3+9)×1 ,  (5/3+1)×9 ,,,,,,,,
143,    1 3 5 10 ,  10×3-5-1 ,  5×3+10-1 ,,,,,,,,,
144,    1 3 5 11 ,  (11-5)×(3+1) ,  (11+1)×(5-3) ,,,,,,,,,
145,    1 3 5 12 ,  (5+1)×12/3 ,  (12+1-5)×3 ,  (5-1)×3+12 ,  (5-3)×12×1 ,,,,,,,
146,    1 3 5 13 ,  (13-5)×3×1 ,  (13-1)×(5-3) ,,,,,,,,,
147,    1 3 6 6 ,  (6+1-3)×6 ,  (6+6)×(3-1) ,  (6×3+6)×1 ,,,,,,,,
148,    1 3 6 7 ,  (7-3)×6×1 ,  (7+1)×(6-3) ,  6×3+7-1 ,  (7-1)×3+6 ,,,,,,,
149,    1 3 6 8 ,  (8-3-1)×6 ,  8×6/(3-1) ,  (6-3)×8×1 ,  (6/3+1)×8 ,,,,,,,
150,    1 3 6 9 ,  (3-1)×9+6 ,  (6-1)×3+9 ,  (9+1)×3-6 ,  (9-1)×(6-3) ,  (9/3+1)×6 ,,,,,,
151,    1 3 6 10 ,  (10×3-6)×1 ,,,,,,,,,,
152,    1 3 6 11 ,  (11+1)×6/3 ,  (11-1)×3-6 ,,,,,,,,,
153,    1 3 6 12 ,  (12-6)×(3+1) ,  (6-3-1)×12 ,  12×6×1/3 ,  (3-1)×6+12 ,  12/(1-3/6) ,,,,,,
154,    1 3 6 13 ,  (13+1-6)×3 ,  (13-1)×6/3 ,,,,,,,,,
155,    1 3 7 7 ,  (7-1)×(7-3) ,,,,,,,,,,
156,    1 3 7 8 ,  (7-3-1)×8 ,  3/(1-7/8) ,,,,,,,,,
157,    1 3 7 9 ,  (7+1)×9/3 ,,,,,,,,,,
158,    1 3 7 10 ,  (3-1)×7+10 ,  10×3+1-7 ,,,,,,,,,
159,    1 3 7 12 ,  (7-1)×12/3 ,,,,,,,,,,
160,    1 3 7 13 ,  13+7+3+1 ,  (13-7)×(3+1) ,,,,,,,,,
161,    1 3 8 8 ,  (3+1)×8-8 ,  (3-1)×8+8 ,  (8+1)×8/3 ,,,,,,,,
162,    1 3 8 9 ,  9×8×1/3 ,  3/(9/8-1) ,,,,,,,,,
163,    1 3 8 10 ,  (10-1)×8/3 ,,,,,,,,,,
164,    1 3 8 11 ,  11×3-8-1 ,,,,,,,,,,
165,    1 3 8 12 ,  12+8+3+1 ,  12×8/(3+1) ,  (12/3-1)×8 ,,,,,,,,
166,    1 3 8 13 ,  (13+8+3)×1 ,,,,,,,,,,
167,    1 3 9 9 ,  (9-1)×9/3 ,,,,,,,,,,
168,    1 3 9 10 ,  (10+1)×3-9 ,,,,,,,,,,
169,    1 3 9 11 ,  11+9+3+1 ,  (11×3-9)×1 ,  (11/3-1)×9 ,,,,,,,,
170,    1 3 9 12 ,  (3+1)×9-12 ,  (12-1)×3-9 ,  (12+9+3)×1 ,  (9/3-1)×12 ,,,,,,,
171,    1 3 9 13 ,  13+9+3-1 ,,,,,,,,,,
172,    1 3 10 10 ,  10+10+3+1 ,,,,,,,,,,
173,    1 3 10 11 ,  11×3+1-10 ,  (11+10+3)×1 ,,,,,,,,,
174,    1 3 10 12 ,  12+10+3-1 ,,,,,,,,,,
175,    1 3 11 11 ,  11+11+3-1 ,,,,,,,,,,
176,    1 3 11 12 ,  12×3-11-1 ,  (11+1)×3-12 ,,,,,,,,,
177,    1 3 12 12 ,  (12×3-12)×1 ,,,,,,,,,,
178,    1 3 12 13 ,  12×3+1-13 ,  (13-1)×3-12 ,,,,,,,,,
179,    1 3 13 13 ,  13+13+1-3 ,,,,,,,,,,
180,    1 4 4 4 ,  (4+1)×4+4 ,  (4+4)×(4-1) ,,,,,,,,,
181,    1 4 4 5 ,  (5×4+4)×1 ,,,,,,,,,,
182,    1 4 4 6 ,  (6+1)×4-4 ,  (6-1)×4+4 ,,,,,,,,,
183,    1 4 4 7 ,  4×4+7+1 ,  (7×4-4)×1 ,,,,,,,,,
184,    1 4 4 8 ,  (8-1)×4-4 ,  (4×4+8)×1 ,,,,,,,,,
185,    1 4 4 9 ,  (9+1-4)×4 ,  4×4+9-1 ,,,,,,,,,
186,    1 4 4 10 ,  (10-4)×4×1 ,,,,,,,,,,
187,    1 4 4 11 ,  (11-4-1)×4 ,,,,,,,,,,
188,    1 4 4 12 ,  (12-4)×(4-1) ,  (4-1)×4+12 ,  (4/4+1)×12 ,,,,,,,,
189,    1 4 5 5 ,  5×4+5-1 ,  (5-1)×5+4 ,,,,,,,,,
190,    1 4 5 6 ,  6/(5/4-1) ,  4/(1-5/6) ,,,,,,,,,
191,    1 4 5 7 ,  7×4+1-5 ,  (5-1)×7-4 ,,,,,,,,,
192,    1 4 5 8 ,  (5+1)×(8-4) ,  (5-1)×4+8 ,,,,,,,,,
193,    1 4 5 9 ,  (4-1)×5+9 ,  (9-4)×5-1 ,,,,,,,,,
194,    1 4 5 10 ,  (10+1-5)×4 ,  (10-4)×(5-1) ,,,,,,,,,
195,    1 4 5 11 ,  (11-5)×4×1 ,,,,,,,,,,
196,    1 4 5 12 ,  (5+1-4)×12 ,  (12-5-1)×4 ,,,,,,,,,
197,    1 4 5 13 ,  (13-5)×(4-1) ,,,,,,,,,,
198,    1 4 6 6 ,  (4+1)×6-6 ,  (4-1)×6+6 ,,,,,,,,,
199,    1 4 6 7 ,  (7+1-4)×6 ,  4/(7/6-1) ,,,,,,,,,
200,    1 4 6 8 ,  (6+1-4)×8 ,  (8-4)×6×1 ,  8/(1-4/6) ,,,,,,,,
201,    1 4 6 9 ,  (9-4-1)×6 ,,,,,,,,,,
202,    1 4 6 10 ,  (4-1)×10-6 ,,,,,,,,,,
203,    1 4 6 11 ,  (11+1-6)×4 ,  (11+1)×(6-4) ,,,,,,,,,
204,    1 4 6 12 ,  (12-6)×4×1 ,  12×6/(4-1) ,  (6-4)×12×1 ,  12/(6/4-1) ,  (12/4+1)×6 ,,,,,,
205,    1 4 6 13 ,  13+6+4+1 ,  (13-6-1)×4 ,  (13-1)×(6-4) ,,,,,,,,
206,    1 4 7 7 ,  (7+1)×(7-4) ,,,,,,,,,,
207,    1 4 7 8 ,  8×4-7-1 ,  (7+1)×4-8 ,  (7-1)×(8-4) ,  (7-4)×8×1 ,,,,,,,
208,    1 4 7 9 ,  (9-1)×(7-4) ,,,,,,,,,,
209,    1 4 7 11 ,  (4+1)×7-11 ,,,,,,,,,,
210,    1 4 7 12 ,  12+7+4+1 ,  (7-4-1)×12 ,  (7+1)×12/4 ,  (12+1-7)×4 ,,,,,,,
211,    1 4 7 13 ,  (13-7)×4×1 ,  (13+7+4)×1 ,,,,,,,,,
212,    1 4 8 8 ,  (8-4-1)×8 ,  (8×4-8)×1 ,  (8/4+1)×8 ,,,,,,,,
213,    1 4 8 9 ,  9×8/(4-1) ,  8×4+1-9 ,  (9-1)×4-8 ,,,,,,,,
214,    1 4 8 11 ,  11+8+4+1 ,  (11+1)×8/4 ,,,,,,,,,
215,    1 4 8 12 ,  12×8×1/4 ,  (8+1)×4-12 ,  (12+8+4)×1 ,  12/(1-4/8) ,,,,,,,
216,    1 4 8 13 ,  13+8+4-1 ,  (13+1-8)×4 ,  (13-1)×8/4 ,,,,,,,,
217,    1 4 9 10 ,  10+9+4+1 ,,,,,,,,,,
218,    1 4 9 11 ,  (4-1)×11-9 ,  9×4-11-1 ,  (11+9+4)×1 ,,,,,,,,
219,    1 4 9 12 ,  12+9+4-1 ,  (9-1)×12/4 ,  (9×4-12)×1 ,,,,,,,,
220,    1 4 9 13 ,  9×4+1-13 ,,,,,,,,,,
221,    1 4 10 10 ,  (10+10+4)×1 ,  10×10/4-1 ,,,,,,,,,
222,    1 4 10 11 ,  11+10+4-1 ,,,,,,,,,,
223,    1 4 10 12 ,  12×10/(4+1) ,  (10-1)×4-12 ,  4/(1-10/12) ,,,,,,,,
224,    1 4 12 12 ,  (4-1)×12-12 ,  (12/4-1)×12 ,,,,,,,,,
225,    1 5 5 5 ,  (5-1/5)×5 ,,,,,,,,,,
226,    1 5 5 6 ,  6×5-5-1 ,  (5+1)×5-6 ,,,,,,,,,
227,    1 5 5 9 ,  (5+1)×(9-5) ,,,,,,,,,,
228,    1 5 5 10 ,  (10-5)×5-1 ,,,,,,,,,,
229,    1 5 5 11 ,  (11-5)×(5-1) ,,,,,,,,,,
230,    1 5 5 12 ,  (5/5+1)×12 ,,,,,,,,,,
231,    1 5 5 13 ,  13+5+5+1 ,,,,,,,,,,
232,    1 5 6 6 ,  (6×5-6)×1 ,,,,,,,,,,
233,    1 5 6 7 ,  6×5+1-7 ,  (7-1)×5-6 ,,,,,,,,,
234,    1 5 6 8 ,  (8+1-5)×6 ,,,,,,,,,,
235,    1 5 6 9 ,  (9-5)×6×1 ,,,,,,,,,,
236,    1 5 6 10 ,  (5+1)×(10-6) ,  (10-5-1)×6 ,,,,,,,,,
237,    1 5 6 11 ,  (6+1)×5-11 ,  (11-6)×5-1 ,,,,,,,,,
238,    1 5 6 12 ,  12+6+5+1 ,  (5+1)×6-12 ,  (6+1-5)×12 ,  (12-6)×(5-1) ,,,,,,,
239,    1 5 6 13 ,  (13+6+5)×1 ,,,,,,,,,,
240,    1 5 7 8 ,  (7+1-5)×8 ,  (7+1)×(8-5) ,,,,,,,,,
241,    1 5 7 9 ,  (7-1)×(9-5) ,,,,,,,,,,
242,    1 5 7 10 ,  7×5-10-1 ,  (7/5+1)×10 ,,,,,,,,,
243,    1 5 7 11 ,  11+7+5+1 ,  (5+1)×(11-7) ,  (11+1)×(7-5) ,  (7×5-11)×1 ,,,,,,,
244,    1 5 7 12 ,  (7-5)×12×1 ,  7×5+1-12 ,  (12+7+5)×1 ,  (12-7)×5-1 ,,,,,,,
245,    1 5 7 13 ,  13+7+5-1 ,  (13-7)×(5-1) ,  (13-1)×(7-5) ,,,,,,,,
246,    1 5 8 8 ,  (5-1)×8-8 ,  (8-5)×8×1 ,,,,,,,,,
247,    1 5 8 9 ,  (9-5-1)×8 ,  (9-1)×(8-5) ,  9/(1-5/8) ,,,,,,,,
248,    1 5 8 10 ,  10+8+5+1 ,  (10/5+1)×8 ,,,,,,,,,
249,    1 5 8 11 ,  (8-1)×5-11 ,  (11+8+5)×1 ,,,,,,,,,
250,    1 5 8 12 ,  (5+1)×(12-8) ,  (8-5-1)×12 ,  12+8+5-1 ,  12×8/(5-1) ,,,,,,,
251,    1 5 8 13 ,  (13-8)×5-1 ,,,,,,,,,,
252,    1 5 9 9 ,  9+9+5+1 ,,,,,,,,,,
253,    1 5 9 10 ,  (10+9+5)×1 ,,,,,,,,,,
254,    1 5 9 11 ,  11+9+5-1 ,,,,,,,,,,
255,    1 5 9 12 ,  (5-1)×9-12 ,  (9+1)×12/5 ,,,,,,,,,
256,    1 5 9 13 ,  (5+1)×(13-9) ,,,,,,,,,,
257,    1 5 10 10 ,  10+10+5-1 ,,,,,,,,,,
258,    1 5 10 11 ,  (11+1)×10/5 ,,,,,,,,,,
259,    1 5 10 12 ,  12×10×1/5 ,  12/(1-5/10) ,,,,,,,,,
260,    1 5 10 13 ,  (13-1)×10/5 ,,,,,,,,,,
261,    1 5 11 11 ,  (11×11-1)/5 ,,,,,,,,,,
262,    1 5 11 12 ,  (11-1)×12/5 ,,,,,,,,,,
263,    1 5 12 12 ,  12×12/(5+1) ,,,,,,,,,,
264,    1 6 6 6 ,  (6-1)×6-6 ,,,,,,,,,,
265,    1 6 6 8 ,  6/(1-6/8) ,,,,,,,,,,
266,    1 6 6 9 ,  (9+1-6)×6 ,,,,,,,,,,
267,    1 6 6 10 ,  (10-6)×6×1 ,,,,,,,,,,
268,    1 6 6 11 ,  11+6+6+1 ,  (11-6-1)×6 ,  6×6-11-1 ,,,,,,,,
269,    1 6 6 12 ,  (12+6+6)×1 ,  (6×6-12)×1 ,  (6/6+1)×12 ,,,,,,,,
270,    1 6 6 13 ,  13+6+6-1 ,  6×6+1-13 ,,,,,,,,,
271,    1 6 7 9 ,  (7+1)×(9-6) ,,,,,,,,,,
272,    1 6 7 10 ,  10+7+6+1 ,  (10+1-7)×6 ,  (7-1)×(10-6) ,,,,,,,,
273,    1 6 7 11 ,  (11-7)×6×1 ,  (6-1)×7-11 ,  (11+7+6)×1 ,,,,,,,,
274,    1 6 7 12 ,  12+7+6-1 ,  (7+1-6)×12 ,  (12-7-1)×6 ,  (7-1)×6-12 ,,,,,,,
275,    1 6 8 8 ,  (8+1-6)×8 ,  8/(8/6-1) ,,,,,,,,,
276,    1 6 8 9 ,  9+8+6+1 ,  (9-6)×8×1 ,  8/(1-6/9) ,,,,,,,,
277,    1 6 8 10 ,  (10-6-1)×8 ,  (10+8+6)×1 ,  6/(10/8-1) ,,,,,,,,
278,    1 6 8 11 ,  11+8+6-1 ,  (11+1-8)×6 ,  (11+1)×(8-6) ,,,,,,,,
279,    1 6 8 12 ,  (12-8)×6×1 ,  (8-6)×12×1 ,  (12/6+1)×8 ,,,,,,,,
280,    1 6 8 13 ,  (13-8-1)×6 ,  (13-1)×(8-6) ,,,,,,,,,
281,    1 6 9 9 ,  (9-1)×(9-6) ,  (9+9+6)×1 ,,,,,,,,,
282,    1 6 9 10 ,  10+9+6-1 ,  (10/6+1)×9 ,,,,,,,,,
283,    1 6 9 12 ,  (9-6-1)×12 ,  (12+1-9)×6 ,  12/(9/6-1) ,  6/(1-9/12) ,,,,,,,
284,    1 6 9 13 ,  (13-9)×6×1 ,,,,,,,,,,
285,    1 6 10 12 ,  12×10/(6-1) ,,,,,,,,,,
286,    1 6 10 13 ,  (13+1-10)×6 ,,,,,,,,,,
287,    1 6 11 12 ,  (11+1)×12/6 ,,,,,,,,,,
288,    1 6 11 13 ,  (13×11+1)/6 ,,,,,,,,,,
289,    1 6 12 12 ,  12×12×1/6 ,  12/(1-6/12) ,,,,,,,,,
290,    1 6 12 13 ,  (13-1)×12/6 ,,,,,,,,,,
291,    1 7 7 9 ,  9+7+7+1 ,,,,,,,,,,
292,    1 7 7 10 ,  (7+1)×(10-7) ,  (10+7+7)×1 ,,,,,,,,,
293,    1 7 7 11 ,  11+7+7-1 ,  (7-1)×(11-7) ,,,,,,,,,
294,    1 7 7 12 ,  (7/7+1)×12 ,,,,,,,,,,
295,    1 7 8 8 ,  8+8+7+1 ,,,,,,,,,,
296,    1 7 8 9 ,  (9+1-7)×8 ,  (9+8+7)×1 ,,,,,,,,,
297,    1 7 8 10 ,  10+8+7-1 ,  (10-7)×8×1 ,,,,,,,,,
298,    1 7 8 11 ,  (7+1)×(11-8) ,  (11-7-1)×8 ,,,,,,,,,
299,    1 7 8 12 ,  (8+1-7)×12 ,  (7-1)×(12-8) ,,,,,,,,,
300,    1 7 9 9 ,  9+9+7-1 ,,,,,,,,,,
301,    1 7 9 10 ,  (9-1)×(10-7) ,,,,,,,,,,
302,    1 7 9 11 ,  (11+1)×(9-7) ,,,,,,,,,,
303,    1 7 9 12 ,  (7+1)×(12-9) ,  (9-7)×12×1 ,,,,,,,,,
304,    1 7 9 13 ,  (7-1)×(13-9) ,  (13-1)×(9-7) ,,,,,,,,,
305,    1 7 10 12 ,  (10-7-1)×12 ,  10/(1-7/12) ,,,,,,,,,
306,    1 7 10 13 ,  (7+1)×(13-10) ,,,,,,,,,,
307,    1 7 12 12 ,  12×12/(7-1) ,,,,,,,,,,
308,    1 7 12 13 ,  (13+1)×12/7 ,,,,,,,,,,
309,    1 7 13 13 ,  (13×13-1)/7 ,,,,,,,,,,
310,    1 8 8 8 ,  (8+8+8)×1 ,,,,,,,,,,
311,    1 8 8 9 ,  9+8+8-1 ,,,,,,,,,,
312,    1 8 8 10 ,  (10+1-8)×8 ,,,,,,,,,,
313,    1 8 8 11 ,  (11-8)×8×1 ,,,,,,,,,,
314,    1 8 8 12 ,  (12-8-1)×8 ,  (8/8+1)×12 ,  8/(1-8/12) ,,,,,,,,
315,    1 8 9 11 ,  (11+1-9)×8 ,  (9-1)×(11-8) ,  9/(11/8-1) ,,,,,,,,
316,    1 8 9 12 ,  (12-9)×8×1 ,  (9+1-8)×12 ,  8/(12/9-1) ,,,,,,,,
317,    1 8 9 13 ,  (13-9-1)×8 ,,,,,,,,,,
318,    1 8 10 11 ,  (11+1)×(10-8) ,,,,,,,,,,
319,    1 8 10 12 ,  (12+1-10)×8 ,  (10-8)×12×1 ,,,,,,,,,
320,    1 8 10 13 ,  (13-10)×8×1 ,  (13-1)×(10-8) ,,,,,,,,,
321,    1 8 11 12 ,  (11-8-1)×12 ,,,,,,,,,,
322,    1 8 11 13 ,  (13+1-11)×8 ,,,,,,,,,,
323,    1 8 12 12 ,  12/(12/8-1) ,,,,,,,,,,
324,    1 9 9 12 ,  (9-1)×(12-9) ,  (9/9+1)×12 ,,,,,,,,,
325,    1 9 10 12 ,  (10+1-9)×12 ,,,,,,,,,,
326,    1 9 10 13 ,  (9-1)×(13-10) ,,,,,,,,,,
327,    1 9 11 11 ,  (11+1)×(11-9) ,,,,,,,,,,
328,    1 9 11 12 ,  (11-9)×12×1 ,,,,,,,,,,
329,    1 9 11 13 ,  (13-1)×(11-9) ,,,,,,,,,,
330,    1 9 12 12 ,  (12-9-1)×12 ,,,,,,,,,,
331,    1 10 10 12 ,  (10/10+1)×12 ,,,,,,,,,,
332,    1 10 11 12 ,  (11+1-10)×12 ,  (11+1)×(12-10) ,,,,,,,,,
333,    1 10 12 12 ,  (12-10)×12×1 ,,,,,,,,,,
334,    1 10 12 13 ,  (13-10-1)×12 ,  (13-1)×(12-10) ,,,,,,,,,
335,    1 11 11 12 ,  (11/11+1)×12 ,,,,,,,,,,
336,    1 11 11 13 ,  (11+1)×(13-11) ,  (13/11+1)×11 ,,,,,,,,,
337,    1 11 12 12 ,  (12+1-11)×12 ,,,,,,,,,,
338,    1 11 12 13 ,  (13-11)×12×1 ,,,,,,,,,,
339,    1 11 13 13 ,  (13-1)×(13-11) ,  (11/13+1)×13 ,,,,,,,,,
340,    1 12 12 12 ,  (12/12+1)×12 ,,,,,,,,,,
341,    1 12 12 13 ,  (13+1-12)×12 ,,,,,,,,,,
342,    1 12 13 13 ,  (13/13+1)×12 ,,,,,,,,,,
343,    2 2 2 3 ,  (2+2)×3×2 ,  3×2×2×2 ,,,,,,,,,
344,    2 2 2 4 ,  (4+2)×(2+2) ,  (2+2+2)×4 ,  (4+2)×2×2 ,  (2×2+2)×4 ,,,,,,,
345,    2 2 2 5 ,  (5×2+2)×2 ,,,,,,,,,,
346,    2 2 2 7 ,  (7×2-2)×2 ,,,,,,,,,,
347,    2 2 2 8 ,  (8-2)×(2+2) ,  (8+2+2)×2 ,  (8-2)×2×2 ,  (2×2+8)×2 ,  (2/2+2)×8 ,,,,,,
348,    2 2 2 9 ,  (9+2)×2+2 ,,,,,,,,,,
349,    2 2 2 10 ,  10×2+2+2 ,  10×2+2×2 ,,,,,,,,,
350,    2 2 2 11 ,  (2/2+11)×2 ,  (11+2)×2-2 ,,,,,,,,,
351,    2 2 2 12 ,  (2+2)×12/2 ,  (2×2-2)×12 ,  12×2+2-2 ,,,,,,,,
352,    2 2 2 13 ,  (13-2/2)×2 ,  (13-2)×2+2 ,,,,,,,,,
353,    2 2 3 3 ,  (3+3)×(2+2) ,  (3+3)×2×2 ,  (3×2+2)×3 ,,,,,,,,
354,    2 2 3 4 ,  (4+2+2)×3 ,  (2×2+4)×3 ,,,,,,,,,
355,    2 2 3 5 ,  (5×2-2)×3 ,,,,,,,,,,
356,    2 2 3 6 ,  (2/2+3)×6 ,  (6-2)×3×2 ,  (3×2-2)×6 ,  (3×2+6)×2 ,,,,,,,
357,    2 2 3 7 ,  (2/2+7)×3 ,  (7+3+2)×2 ,,,,,,,,,
358,    2 2 3 8 ,  8×3+2-2 ,  (8+3)×2+2 ,,,,,,,,,
359,    2 2 3 9 ,  (9-3)×(2+2) ,  (9-3)×2×2 ,  (9-2/2)×3 ,  9×2+3×2 ,  (2/3+2)×9 ,,,,,,
360,    2 2 3 10 ,  (10+3)×2-2 ,,,,,,,,,,
361,    2 2 3 11 ,  (11+3-2)×2 ,,,,,,,,,,
362,    2 2 3 12 ,  (2+2)×3+12 ,  (12-2-2)×3 ,  3×2×2+12 ,  (12-2×2)×3 ,  (3-2/2)×12 ,  (3-2)×12×2 ,  12/(2-3/2) ,  (12/2+2)×3 ,,,
363,    2 2 3 13 ,  (13+2-3)×2 ,,,,,,,,,,
364,    2 2 4 4 ,  (4×2-2)×4 ,  (4×2+4)×2 ,,,,,,,,,
365,    2 2 4 5 ,  5×4+2+2 ,  (2+2)×5+4 ,  5×4+2×2 ,  5×2×2+4 ,  (2/2+5)×4 ,  (5-2)×4×2 ,,,,,
366,    2 2 4 6 ,  6×4+2-2 ,  (4+2)×(6-2) ,  (6+4+2)×2 ,  (4-2)×6×2 ,  (4/2+2)×6 ,,,,,,
367,    2 2 4 7 ,  7×4-2-2 ,  (2+2)×7-4 ,  7×4-2×2 ,  7×2×2-4 ,  (7-2/2)×4 ,  (7+4)×2+2 ,,,,,
368,    2 2 4 8 ,  (2+2)×4+8 ,  4×2×2+8 ,  (4-2/2)×8 ,  (4+2)×8/2 ,  8×2+4×2 ,  (8+2)×2+4 ,  (8×2-4)×2 ,  (8/2+2)×4 ,,,
369,    2 2 4 9 ,  9×2+4+2 ,  (9+4)×2-2 ,,,,,,,,,
370,    2 2 4 10 ,  (10-4)×(2+2) ,  (10-2-2)×4 ,  (10-4)×2×2 ,  (10-2×2)×4 ,  (10+4-2)×2 ,  (10+2)×(4-2) ,  (10+2)×4/2 ,  (4/2+10)×2 ,,,
371,    2 2 4 11 ,  11×2+4-2 ,  (4-2)×11+2 ,  11×4/2+2 ,  11×2+4/2 ,,,,,,,
372,    2 2 4 12 ,  (4+2)×2+12 ,  (12+2)×2-4 ,  (12-2)×2+4 ,,,,,,,,
373,    2 2 4 13 ,  13×2+2-4 ,  (4-2)×13-2 ,  13×4/2-2 ,  13×2-4/2 ,,,,,,,
374,    2 2 5 5 ,  5×5-2/2 ,  (5+5+2)×2 ,,,,,,,,,
375,    2 2 5 6 ,  (5-2/2)×6 ,  (6+2)×(5-2) ,  (6+5)×2+2 ,,,,,,,,
376,    2 2 5 7 ,  7×2+5×2 ,,,,,,,,,,
377,    2 2 5 8 ,  (8+5)×2-2 ,,,,,,,,,,
378,    2 2 5 9 ,  (9+5-2)×2 ,,,,,,,,,,
379,    2 2 5 10 ,  (5+2)×2+10 ,  (10-2)×(5-2) ,  (2/5+2)×10 ,  (10×5-2)/2 ,,,,,,,
380,    2 2 5 11 ,  (11-5)×(2+2) ,  (11-5)×2×2 ,,,,,,,,,
381,    2 2 5 12 ,  5×2+12+2 ,  12/(5/2-2) ,,,,,,,,,
382,    2 2 6 6 ,  (6+2)×6/2 ,  6×2+6×2 ,,,,,,,,,
383,    2 2 6 7 ,  (7+2)×2+6 ,  (7+6)×2-2 ,,,,,,,,,
384,    2 2 6 8 ,  (8-2-2)×6 ,  (8-2×2)×6 ,  8×2+6+2 ,  (6+2)×2+8 ,  (8+6-2)×2 ,  (8-2)×(6-2) ,,,,,
385,    2 2 6 9 ,  (6/2+9)×2 ,  (9×2-6)×2 ,,,,,,,,,
386,    2 2 6 10 ,  6×2+10+2 ,  10×2+6-2 ,  (10-2)×6/2 ,,,,,,,,
387,    2 2 6 11 ,  (11-2)×2+6 ,,,,,,,,,,
388,    2 2 6 12 ,  (12-6)×(2+2) ,  (6-2-2)×12 ,  (12-6)×2×2 ,  (6-2×2)×12 ,  (6-2)×12/2 ,  (12/2-2)×6 ,  (12/2+6)×2 ,,,,
389,    2 2 6 13 ,  (13+2)×2-6 ,,,,,,,,,,
390,    2 2 7 7 ,  (7+7-2)×2 ,,,,,,,,,,
391,    2 2 7 8 ,  (7-2-2)×8 ,  (7-2×2)×8 ,  7×2+8+2 ,,,,,,,,
392,    2 2 7 10 ,  (10/2+7)×2 ,,,,,,,,,,
393,    2 2 7 12 ,  7×2+12-2 ,,,,,,,,,,
394,    2 2 7 13 ,  13+7+2+2 ,  (13-7)×(2+2) ,  2×2+13+7 ,  (13-7)×2×2 ,,,,,,,
395,    2 2 8 8 ,  (2+2)×8-8 ,  8×2×2-8 ,  (8-2)×8/2 ,  (8/2+8)×2 ,,,,,,,
396,    2 2 8 9 ,  9×2+8-2 ,,,,,,,,,,
397,    2 2 8 10 ,  8×2+10-2 ,  10×2+8/2 ,  (10×2-8)×2 ,  (10-2)×2+8 ,  (10/2-2)×8 ,,,,,,
398,    2 2 8 12 ,  12+8+2+2 ,  12×8/(2+2) ,  12×8/2/2 ,  2×2+12+8 ,  (8-2)×2+12 ,  (8/2-2)×12 ,,,,,
399,    2 2 9 10 ,  (9-2)×2+10 ,,,,,,,,,,
400,    2 2 9 11 ,  11+9+2+2 ,  2×2+11+9 ,,,,,,,,,
401,    2 2 9 12 ,  (2+2)×9-12 ,  9×2×2-12 ,  9×2+12/2 ,,,,,,,,
402,    2 2 10 10 ,  10+10+2+2 ,  2×2+10+10 ,,,,,,,,,
403,    2 2 10 11 ,  (11×2-10)×2 ,,,,,,,,,,
404,    2 2 10 13 ,  2/2+13+10 ,,,,,,,,,,
405,    2 2 11 11 ,  (2/11+2)×11 ,,,,,,,,,,
406,    2 2 11 12 ,  2/2+12+11 ,,,,,,,,,,
407,    2 2 11 13 ,  13+11+2-2 ,,,,,,,,,,
408,    2 2 12 12 ,  12+12+2-2 ,  (12×2-12)×2 ,,,,,,,,,
409,    2 2 12 13 ,  13+12-2/2 ,,,,,,,,,,
410,    2 2 13 13 ,  (2-2/13)×13 ,,,,,,,,,,
411,    2 3 3 3 ,  (3+3+2)×3 ,  (3×3+3)×2 ,,,,,,,,,
412,    2 3 3 5 ,  (5+2)×3+3 ,  (5×3-3)×2 ,,,,,,,,,
413,    2 3 3 6 ,  6×3+3×2 ,  3×3×2+6 ,  (3+3-2)×6 ,  (3+3)×(6-2) ,  (6+3+3)×2 ,,,,,,
414,    2 3 3 7 ,  (7-3)×3×2 ,  (7+3-2)×3 ,  (7+2)×3-3 ,,,,,,,,
415,    2 3 3 8 ,  (3×2-3)×8 ,  (3-2)×8×3 ,  (3+3)×8/2 ,  (3/3+2)×8 ,,,,,,,
416,    2 3 3 9 ,  (3+2)×3+9 ,  (9+2-3)×3 ,  9×2+3+3 ,  (9-2)×3+3 ,,,,,,,
417,    2 3 3 10 ,  10×3-3×2 ,  (10/2+3)×3 ,,,,,,,,,
418,    2 3 3 11 ,  (11-2)×3-3 ,  (3/3+11)×2 ,,,,,,,,,
419,    2 3 3 12 ,  12×2+3-3 ,  (3+3)×2+12 ,,,,,,,,,
420,    2 3 3 13 ,  (13-3-2)×3 ,  (13+3)×3/2 ,  3×3+13+2 ,  (13-3/3)×2 ,,,,,,,
421,    2 3 4 4 ,  (3+2)×4+4 ,  4×4×3/2 ,  (4-2)×4×3 ,,,,,,,,
422,    2 3 4 5 ,  (5+3-2)×4 ,  (5+4+3)×2 ,,,,,,,,,
423,    2 3 4 6 ,  (3-2)×6×4 ,  6×3+4+2 ,  (4+2)×3+6 ,  (6-3)×4×2 ,  (6+4-2)×3 ,  (4/2+6)×3 ,  6×2+4×3 ,  (6×2-4)×3 ,  (6/2+3)×4 ,,
424,    2 3 4 7 ,  (7+2-3)×4 ,  (4+2)×(7-3) ,  (7+3)×2+4 ,,,,,,,,
425,    2 3 4 8 ,  (8-4)×3×2 ,  (4+2-3)×8 ,  (8/2+4)×3 ,,,,,,,,
426,    2 3 4 9 ,  9×4×2/3 ,  (9+3)×(4-2) ,  (9+3)×4/2 ,,,,,,,,
427,    2 3 4 10 ,  10×3-4-2 ,  (10+2-4)×3 ,  (10-4/2)×3 ,  4×3+10+2 ,  (4+3)×2+10 ,,,,,,
428,    2 3 4 11 ,  (11-3-2)×4 ,  (11+4-3)×2 ,  (11+3)×2-4 ,,,,,,,,
429,    2 3 4 12 ,  (3×2-4)×12 ,  (12-3×2)×4 ,  (12+4)×3/2 ,  (4+2)×12/3 ,  (4-3)×12×2 ,  (12/3+2)×4 ,,,,,
430,    2 3 4 13 ,  4×2+13+3 ,  (13+3-4)×2 ,  (13-3)×2+4 ,,,,,,,,
431,    2 3 5 5 ,  5×5+2-3 ,  (5+5-2)×3 ,  (5+3)×(5-2) ,,,,,,,,
432,    2 3 5 6 ,  6×5-3×2 ,  5×3×2-6 ,  (5+2-3)×6 ,  (5-3)×6×2 ,  (5+3)×6/2 ,  (6/2+5)×3 ,,,,,
433,    2 3 5 7 ,  7×3+5-2 ,  (5-2)×7+3 ,  5×3+7+2 ,,,,,,,,
434,    2 3 5 8 ,  8×2+5+3 ,  (5+3)×2+8 ,  8/(2-5/3) ,,,,,,,,
435,    2 3 5 9 ,  (9-5)×3×2 ,  9×3+2-5 ,  (5-2)×9-3 ,  (9×5+3)/2 ,,,,,,,
436,    2 3 5 10 ,  (10+2)×(5-3) ,  (10+5-3)×2 ,,,,,,,,,
437,    2 3 5 11 ,  (11+5)×3/2 ,  5×2+11+3 ,  (11+2-5)×3 ,  (11-3)×(5-2) ,  11×2+5-3 ,  5×3+11-2 ,  (5-3)×11+2 ,,,,
438,    2 3 5 12 ,  12/(3-5/2) ,,,,,,,,,,
439,    2 3 5 13 ,  3×2+13+5 ,  13×2+3-5 ,  (5-3)×13-2 ,,,,,,,,
440,    2 3 6 6 ,  (3+2)×6-6 ,  6×6×2/3 ,  (6+2)×(6-3) ,  (6+3)×2+6 ,  (6×3-6)×2 ,  (6/3+2)×6 ,,,,,
441,    2 3 6 7 ,  7×6/2+3 ,  7×3+6/2 ,  (7×2-6)×3 ,,,,,,,,
442,    2 3 6 8 ,  (8+2)×3-6 ,  6×3+8-2 ,  (8-2)×3+6 ,,,,,,,,
443,    2 3 6 9 ,  (9-3-2)×6 ,  (6+2)×9/3 ,  6×2+9+3 ,  (9-3)×(6-2) ,  (3-2/6)×9 ,  9×6/2-3 ,  9×3-6/2 ,  (9+6-3)×2 ,,,
444,    2 3 6 10 ,  (10-6)×3×2 ,  (10-3×2)×6 ,  (10+6)×3/2 ,  (10+2)×6/3 ,  (10-2)×(6-3) ,  (6/3+10)×2 ,,,,,
445,    2 3 6 11 ,  (11-3)×6/2 ,  (11-6/2)×3 ,  11×2+6/3 ,  11×6/3+2 ,,,,,,,
446,    2 3 6 12 ,  3×2+12+6 ,  6×3×2-12 ,  12×3/2+6 ,  12×3-6×2 ,  (12+2-6)×3 ,  (6-2)×3+12 ,  (12-2)×3-6 ,  6×3+12/2 ,  (12+3)×2-6 ,  (12-3)×2+6 ,
447,    2 3 6 13 ,  13+6+3+2 ,  13×2-6/3 ,  13×6/3-2 ,,,,,,,,
448,    2 3 7 7 ,  7×2+7+3 ,,,,,,,,,,
449,    2 3 7 8 ,  (7+2)×8/3 ,  (8-2)×(7-3) ,  (8+7-3)×2 ,  8/(7/3-2) ,,,,,,,
450,    2 3 7 9 ,  (9+7)×3/2 ,  (7-2)×3+9 ,  (7×3-9)×2 ,,,,,,,,
451,    2 3 7 10 ,  10×2+7-3 ,  (10×7+2)/3 ,,,,,,,,,
452,    2 3 7 11 ,  (3+2)×7-11 ,  3×2+11+7 ,  (11-7)×3×2 ,  11×3-7-2 ,,,,,,,
453,    2 3 7 12 ,  12+7+3+2 ,  (7-3-2)×12 ,  12/(7/2-3) ,  (7-3)×12/2 ,,,,,,,
454,    2 3 7 13 ,  7×2+13-3 ,  (13+2-7)×3 ,,,,,,,,,
455,    2 3 8 8 ,  (8-3-2)×8 ,  (8+8)×3/2 ,  (8×2-8)×3 ,,,,,,,,
456,    2 3 8 9 ,  (9-3×2)×8 ,  (9-3)×8/2 ,,,,,,,,,
457,    2 3 8 10 ,  3×2+10+8 ,  10×3+2-8 ,,,,,,,,,
458,    2 3 8 11 ,  11+8+3+2 ,  8×2+11-3 ,  (11-2)×8/3 ,  (11-3)×2+8 ,,,,,,,
459,    2 3 8 12 ,  (12-8)×3×2 ,  (8-3×2)×12 ,  8×3/2+12 ,  (8-2)×12/3 ,  (12-8/2)×3 ,  (12/2-3)×8 ,  (8×3-12)×2 ,  (12/3+8)×2 ,,,
460,    2 3 8 13 ,  (13+3)×2-8 ,,,,,,,,,,
461,    2 3 9 9 ,  3×2+9+9 ,  (9+2)×3-9 ,  9×2+9-3 ,  (9/3+9)×2 ,,,,,,,
462,    2 3 9 10 ,  10+9+3+2 ,  10×3/2+9 ,  (9×2-10)×3 ,  (10-2)×9/3 ,,,,,,,
463,    2 3 9 12 ,  (9-3)×2+12 ,,,,,,,,,,
464,    2 3 9 13 ,  (13-9)×3×2 ,  (13-2)×3-9 ,  (13×3+9)/2 ,,,,,,,,
465,    2 3 10 10 ,  (10-3)×2+10 ,,,,,,,,,,
466,    2 3 10 12 ,  12×10/(3+2) ,  12×3-10-2 ,  (10+2)×3-12 ,  10×2+12/3 ,  (10×2-12)×3 ,  (10/2-3)×12 ,  10×3-12/2 ,,,,
467,    2 3 10 13 ,  13+10+3-2 ,  (13-10/2)×3 ,,,,,,,,,
468,    2 3 11 11 ,  11×3+2-11 ,,,,,,,,,,
469,    2 3 11 12 ,  12+11+3-2 ,,,,,,,,,,
470,    2 3 11 13 ,  (13+11)×(3-2) ,,,,,,,,,,
471,    2 3 12 12 ,  12×12/3/2 ,  (12+12)×(3-2) ,  (12×3+12)/2 ,  (12/3-2)×12 ,,,,,,,
472,    2 3 12 13 ,  13+12+2-3 ,,,,,,,,,,
473,    2 3 13 13 ,  13×3-13-2 ,,,,,,,,,,
474,    2 4 4 4 ,  4×4+4×2 ,  (4+4-2)×4 ,  (4/2+4)×4 ,  (4+4+4)×2 ,  (4×4-4)×2 ,,,,,,
475,    2 4 4 5 ,  (5+2)×4-4 ,  (5×2-4)×4 ,  (4+4)×(5-2) ,,,,,,,,
476,    2 4 4 6 ,  (4×2-4)×6 ,  4×4+6+2 ,  (4+4)×6/2 ,  (6+4)×2+4 ,,,,,,,
477,    2 4 4 7 ,  (7-4)×4×2 ,  (7-2)×4+4 ,,,,,,,,,
478,    2 4 4 8 ,  (4+2)×(8-4) ,  8×4-4×2 ,  4×4×2-8 ,  (8+2-4)×4 ,  (8+4)×(4-2) ,  (8+4)×4/2 ,  (8-4/2)×4 ,  8×2+4+4 ,  (4+4)×2+8 ,  (4/4+2)×8 ,
479,    2 4 4 9 ,  (9-2)×4-4 ,,,,,,,,,,
480,    2 4 4 10 ,  (4-2)×10+4 ,  10×4/2+4 ,  4×4+10-2 ,  (10+4)×2-4 ,,,,,,,
481,    2 4 4 11 ,  (4/4+11)×2 ,  (11×4+4)/2 ,,,,,,,,,
482,    2 4 4 12 ,  (12-4-2)×4 ,  4×2+12+4 ,  12×4/(4-2) ,  (4-4/2)×12 ,  12×2+4-4 ,,,,,,
483,    2 4 4 13 ,  (13-4/4)×2 ,  (13×4-4)/2 ,,,,,,,,,
484,    2 4 5 5 ,  (5+5)×2+4 ,,,,,,,,,,
485,    2 4 5 6 ,  6×5-4-2 ,  (4+2)×5-6 ,  5×4+6-2 ,  (6-2)×5+4 ,  (5+4)×2+6 ,,,,,,
486,    2 4 5 7 ,  (7+5)×(4-2) ,  (7+5)×4/2 ,,,,,,,,,
487,    2 4 5 8 ,  (8-5)×4×2 ,  (4×2-5)×8 ,  (5+2-4)×8 ,  (5-4/2)×8 ,  8×5/2+4 ,  5×4+8/2 ,  (5×4-8)×2 ,,,,
488,    2 4 5 9 ,  (4+2)×(9-5) ,  (9+2-5)×4 ,  (9+5)×2-4 ,,,,,,,,
489,    2 4 5 10 ,  5×2+10+4 ,,,,,,,,,,
490,    2 4 5 11 ,  4×2+11+5 ,  (11+5-4)×2 ,,,,,,,,,
491,    2 4 5 12 ,  (12-4)×(5-2) ,  (5-2)×4+12 ,  (5-4)×12×2 ,,,,,,,,
492,    2 4 5 13 ,  13+5+4+2 ,  (13-5-2)×4 ,  (13+4-5)×2 ,,,,,,,,
493,    2 4 6 6 ,  (6+2-4)×6 ,  (6+6)×(4-2) ,  (6+6)×4/2 ,  (6-4/2)×6 ,  (6-4)×6×2 ,  (6×2-6)×4 ,,,,,
494,    2 4 6 7 ,  (6+2)×(7-4) ,  7×4+2-6 ,  (6-2)×7-4 ,  7×2+6+4 ,  6/(2-7/4) ,,,,,,
495,    2 4 6 8 ,  8×6/(4-2) ,  8×6×2/4 ,  8×4-6-2 ,  (6+2)×4-8 ,  6×2+8+4 ,  (6-2)×4+8 ,  (8/4+2)×6 ,  (8+6)×2-4 ,,,
496,    2 4 6 9 ,  (9-6)×4×2 ,  (4-2)×9+6 ,  9×4/2+6 ,  9×4-6×2 ,  (9-6/2)×4 ,  (4/6+2)×9 ,  6/(9/4-2) ,,,,
497,    2 4 6 10 ,  (4+2)×(10-6) ,  (10-4-2)×6 ,  4×2+10+6 ,  (10+2-6)×4 ,  (10-4)×(6-2) ,  (10+2)×(6-4) ,  (10+6-4)×2 ,,,,
498,    2 4 6 11 ,  11×2+6-4 ,  (6-4)×11+2 ,  (11+4)×2-6 ,  4/(2-11/6) ,,,,,,,
499,    2 4 6 12 ,  12+6+4+2 ,  (4+2)×6-12 ,  (4×2-6)×12 ,  (12-4×2)×6 ,  (4-2)×6+12 ,  6×4/2+12 ,  (6+2)×12/4 ,  (12-4)×6/2 ,  (6×4-12)×2 ,  12/(2-6/4) ,
500,    2 4 6 13 ,  13×2+4-6 ,  (6-4)×13-2 ,  (13-4)×2+6 ,  4/(13/6-2) ,,,,,,,
501,    2 4 7 7 ,  (7+7)×2-4 ,,,,,,,,,,
502,    2 4 7 8 ,  (7×2-8)×4 ,  8×7/2-4 ,  7×4-8/2 ,,,,,,,,
503,    2 4 7 9 ,  4×2+9+7 ,  (9+7-4)×2 ,,,,,,,,,
504,    2 4 7 10 ,  (10-7)×4×2 ,  (4-2)×7+10 ,  7×4/2+10 ,  (10-2)×(7-4) ,,,,,,,
505,    2 4 7 11 ,  11+7+4+2 ,  (4+2)×(11-7) ,  (11+2-7)×4 ,,,,,,,,
506,    2 4 7 12 ,  (7+2)×4-12 ,  12/(4-7/2) ,,,,,,,,,
507,    2 4 8 8 ,  4×2+8+8 ,  (4-2)×8+8 ,  8×4/2+8 ,  (8-2)×(8-4) ,  (8+8-4)×2 ,,,,,,
508,    2 4 8 9 ,  (9-4-2)×8 ,,,,,,,,,,
509,    2 4 8 10 ,  10+8+4+2 ,  10×4-8×2 ,  (8×2-10)×4 ,  (10-4)×8/2 ,  (10-8/2)×4 ,  (10+2)×8/4 ,  10×2+8-4 ,  8×4+2-10 ,  (10-2)×4-8 ,  (8/4+10)×2 ,  (10×4+8)/2 
510,    2 4 8 11 ,  (11-8)×4×2 ,  (11-4×2)×8 ,  11×2+8/4 ,  11×8/4+2 ,,,,,,,
511,    2 4 8 12 ,  (4+2)×(12-8) ,  (8-4-2)×12 ,  8×2+12-4 ,  (12+2-8)×4 ,  (8-4)×12/2 ,  (12+4)×2-8 ,  (12-4)×2+8 ,,,,
512,    2 4 8 13 ,  13×2-8/4 ,  13×8/4-2 ,,,,,,,,,
513,    2 4 9 9 ,  9+9+4+2 ,,,,,,,,,,
514,    2 4 9 10 ,  9×2+10-4 ,  9×4-10-2 ,,,,,,,,,
515,    2 4 9 12 ,  (12-9)×4×2 ,  (9×2-12)×4 ,  12/(9/2-4) ,  (9×4+12)/2 ,  (12/4+9)×2 ,,,,,,
516,    2 4 9 13 ,  (4+2)×(13-9) ,  13+9+4-2 ,  4/2+13+9 ,  (13+2-9)×4 ,,,,,,,
517,    2 4 10 10 ,  (4/10+2)×10 ,,,,,,,,,,
518,    2 4 10 11 ,  11×4-10×2 ,  (11-10/2)×4 ,  (11-4)×2+10 ,,,,,,,,
519,    2 4 10 12 ,  (10-4×2)×12 ,  12+10+4-2 ,  4/2+12+10 ,  (10-2)×12/4 ,  (10-4)×2+12 ,  12/(10/4-2) ,,,,,
520,    2 4 10 13 ,  (13-10)×4×2 ,  (13+4)×2-10 ,,,,,,,,,
521,    2 4 11 11 ,  11+11+4-2 ,  4/2+11+11 ,,,,,,,,,
522,    2 4 11 12 ,  (11-2)×4-12 ,,,,,,,,,,
523,    2 4 12 12 ,  12×12/(4+2) ,  12×4-12×2 ,  (12/2-4)×12 ,  (12-12/2)×4 ,,,,,,,
524,    2 4 13 13 ,  13+13+2-4 ,  13+13-4/2 ,,,,,,,,,
525,    2 5 5 7 ,  7×2+5+5 ,,,,,,,,,,
526,    2 5 5 8 ,  (5/5+2)×8 ,,,,,,,,,,
527,    2 5 5 9 ,  5×2+9+5 ,  (5-2)×5+9 ,,,,,,,,,
528,    2 5 5 10 ,  (5-2/10)×5 ,,,,,,,,,,
529,    2 5 5 11 ,  (5+2)×5-11 ,  (5/5+11)×2 ,,,,,,,,,
530,    2 5 5 12 ,  12+5+5+2 ,  12×2+5-5 ,,,,,,,,,
531,    2 5 5 13 ,  (13-5)×(5-2) ,  (5×5-13)×2 ,  (13-5/5)×2 ,,,,,,,,
532,    2 5 6 6 ,  (5×2-6)×6 ,  (5-2)×6+6 ,,,,,,,,,
533,    2 5 6 7 ,  (7+2-5)×6 ,  6×2+7+5 ,  (7-5)×6×2 ,,,,,,,,
534,    2 5 6 8 ,  5×2+8+6 ,  (6+2-5)×8 ,  (6+2)×(8-5) ,  6×5+2-8 ,  (8-2)×5-6 ,,,,,,
535,    2 5 6 9 ,  6×5/2+9 ,,,,,,,,,,
536,    2 5 6 10 ,  (5-2)×10-6 ,  10×6×2/5 ,  (10+5)×2-6 ,  (10/5+2)×6 ,,,,,,,
537,    2 5 6 11 ,  11+6+5+2 ,  (11-5-2)×6 ,  (11-5)×(6-2) ,  (11+6-5)×2 ,,,,,,,
538,    2 5 6 12 ,  12×6/(5-2) ,  12×5/2-6 ,  (5-6/2)×12 ,  (6-5)×12×2 ,  6×5-12/2 ,,,,,,
539,    2 5 6 13 ,  (13-5)×6/2 ,  (13+5-6)×2 ,,,,,,,,,
540,    2 5 7 7 ,  5×2+7+7 ,,,,,,,,,,
541,    2 5 7 8 ,  (5×2-7)×8 ,,,,,,,,,,
542,    2 5 7 9 ,  7×5-9-2 ,,,,,,,,,,
543,    2 5 7 10 ,  10+7+5+2 ,  (10+2)×(7-5) ,  (10+7-5)×2 ,,,,,,,,
544,    2 5 7 11 ,  11×2+7-5 ,  (7-5)×11+2 ,  (11×5-7)/2 ,,,,,,,,
545,    2 5 7 13 ,  13×2+5-7 ,  7×5+2-13 ,  (7×5+13)/2 ,  (7-5)×13-2 ,,,,,,,
546,    2 5 8 8 ,  8×5-8×2 ,  (8×5+8)/2 ,,,,,,,,,
547,    2 5 8 9 ,  9+8+5+2 ,  9×8/(5-2) ,  (8-2)×(9-5) ,  (9+8-5)×2 ,,,,,,,
548,    2 5 8 10 ,  (10-5-2)×8 ,  (10-2)×(8-5) ,,,,,,,,,
549,    2 5 8 11 ,  (11-5)×8/2 ,  (11+5)×2-8 ,,,,,,,,,
550,    2 5 8 12 ,  (5×2-8)×12 ,  (8+2)×12/5 ,,,,,,,,,
551,    2 5 8 13 ,  (13-5×2)×8 ,  13+8+5-2 ,  8×2+13-5 ,  (13+2)×8/5 ,  (13-5)×2+8 ,,,,,,
552,    2 5 9 10 ,  10×2+9-5 ,,,,,,,,,,
553,    2 5 9 11 ,  (5-2)×11-9 ,  9×2+11-5 ,  (9-2)×5-11 ,,,,,,,,
554,    2 5 9 12 ,  (9-5-2)×12 ,  12+9+5-2 ,  12/(5-9/2) ,  (9-5)×12/2 ,,,,,,,
555,    2 5 10 10 ,  (10+2)×10/5 ,  (10/5+10)×2 ,,,,,,,,,
556,    2 5 10 11 ,  11+10+5-2 ,  11×2+10/5 ,  11×10/5+2 ,,,,,,,,
557,    2 5 10 12 ,  (12+5)×2-10 ,  (12-5)×2+10 ,,,,,,,,,
558,    2 5 10 13 ,  10×5-13×2 ,  13×2-10/5 ,  13×10/5-2 ,,,,,,,,
559,    2 5 11 12 ,  12/(11/2-5) ,  (11-5)×2+12 ,,,,,,,,,
560,    2 5 12 12 ,  (12-5×2)×12 ,  (5-2)×12-12 ,  (12-2)×12/5 ,  (12×5-12)/2 ,,,,,,,
561,    2 5 12 13 ,  12/2+13+5 ,  (13+5)×2-12 ,,,,,,,,,
562,    2 6 6 6 ,  6×2+6+6 ,  6×6-6×2 ,  6×6/2+6 ,,,,,,,,
563,    2 6 6 7 ,  (7-6/2)×6 ,  (7-2)×6-6 ,  (7×6+6)/2 ,,,,,,,,
564,    2 6 6 8 ,  (8-6)×6×2 ,  (6×2-8)×6 ,  (8+2-6)×6 ,  (6-6/2)×8 ,  (6/6+2)×8 ,,,,,,
565,    2 6 6 9 ,  (6+2)×(9-6) ,  (9+6)×2-6 ,  (9×6-6)/2 ,,,,,,,,
566,    2 6 6 10 ,  10+6+6+2 ,  10×6/2-6 ,  6×6-10-2 ,,,,,,,,
567,    2 6 6 11 ,  (6/6+11)×2 ,,,,,,,,,,
568,    2 6 6 12 ,  (12-6-2)×6 ,  (12-6)×(6-2) ,  12×2+6-6 ,  (6×6+12)/2 ,  (12/6+2)×6 ,,,,,,
569,    2 6 6 13 ,  (13-6/6)×2 ,,,,,,,,,,
570,    2 6 7 8 ,  (7+2-6)×8 ,  (8+7)×2-6 ,,,,,,,,,
571,    2 6 7 9 ,  9+7+6+2 ,  (9-7)×6×2 ,  (9+2-7)×6 ,  7×6-9×2 ,,,,,,,
572,    2 6 7 10 ,  (6+2)×(10-7) ,  (7×2-10)×6 ,,,,,,,,,
573,    2 6 7 11 ,  (11+7-6)×2 ,,,,,,,,,,
574,    2 6 7 12 ,  (7-6)×12×2 ,,,,,,,,,,
575,    2 6 7 13 ,  13+7+6-2 ,  (13-7)×(6-2) ,  (13-7-2)×6 ,  (13+6-7)×2 ,,,,,,,
576,    2 6 8 8 ,  8+8+6+2 ,  (6-2)×8-8 ,  (8-8/2)×6 ,,,,,,,,
577,    2 6 8 9 ,  (6×2-9)×8 ,  9×8×2/6 ,,,,,,,,,
578,    2 6 8 10 ,  (10-8)×6×2 ,  (10+2-8)×6 ,  (8-2)×(10-6) ,  (10+2)×(8-6) ,  (10+8-6)×2 ,  (10+6)×2-8 ,  8/(2-10/6) ,,,,
579,    2 6 8 11 ,  (6+2)×(11-8) ,  (11-6-2)×8 ,  11×2+8-6 ,  (8-6)×11+2 ,,,,,,,
580,    2 6 8 12 ,  12+8+6-2 ,  12×8/(6-2) ,  (8×2-12)×6 ,  (8-2)×6-12 ,  (12-6)×8/2 ,  (6-8/2)×12 ,  8×6-12×2 ,,,,
581,    2 6 8 13 ,  6/2+13+8 ,  13×2+6-8 ,  (8-6)×13-2 ,,,,,,,,
582,    2 6 9 9 ,  (9+9-6)×2 ,  (6/9+2)×9 ,,,,,,,,,
583,    2 6 9 10 ,  (10-2)×(9-6) ,  (9-10/2)×6 ,,,,,,,,,
584,    2 6 9 11 ,  (11-9)×6×2 ,  11+9+6-2 ,  11×6/2-9 ,  (11+2-9)×6 ,,,,,,,
585,    2 6 9 12 ,  (6+2)×(12-9) ,  (6-2)×9-12 ,  6/2+12+9 ,  9×2+12-6 ,  12/(2-9/6) ,,,,,,
586,    2 6 10 10 ,  10+10+6-2 ,  10×2+10-6 ,,,,,,,,,
587,    2 6 10 11 ,  6/2+11+10 ,  (11+6)×2-10 ,,,,,,,,,
588,    2 6 10 12 ,  (10-6-2)×12 ,  (12-10)×6×2 ,  (6×2-10)×12 ,  (10+2)×12/6 ,  (12+2-10)×6 ,  (10-6)×12/2 ,  (10-12/2)×6 ,  (10×6-12)/2 ,  (12/6+10)×2 ,,
589,    2 6 10 13 ,  (6+2)×(13-10) ,  10/2+13+6 ,  (13-6)×2+10 ,,,,,,,,
590,    2 6 11 12 ,  11×2+12/6 ,  12/(6-11/2) ,  12×11/6+2 ,,,,,,,,
591,    2 6 11 13 ,  (13-11)×6×2 ,  (13+2-11)×6 ,,,,,,,,,
592,    2 6 12 12 ,  12×6/2-12 ,  12/2+12+6 ,  (12+6)×2-12 ,  (12-6)×2+12 ,,,,,,,
593,    2 6 12 13 ,  13×2-12/6 ,  12/(13/2-6) ,  13×12/6-2 ,,,,,,,,
594,    2 7 7 8 ,  8+7+7+2 ,  (7/7+2)×8 ,,,,,,,,,
595,    2 7 7 10 ,  (10/7+2)×7 ,,,,,,,,,,
596,    2 7 7 11 ,  (7-2)×7-11 ,  (7/7+11)×2 ,,,,,,,,,
597,    2 7 7 12 ,  12+7+7-2 ,  12×2+7-7 ,,,,,,,,,
598,    2 7 7 13 ,  (13-7/7)×2 ,,,,,,,,,,
599,    2 7 8 8 ,  (8+2-7)×8 ,  (7-8/2)×8 ,  (8×7-8)/2 ,,,,,,,,
600,    2 7 8 9 ,  (9+7)×2-8 ,,,,,,,,,,
601,    2 7 8 11 ,  (7×2-11)×8 ,  11+8+7-2 ,  (8-2)×(11-7) ,  (11+8-7)×2 ,,,,,,,
602,    2 7 8 12 ,  (12-7-2)×8 ,  (8-7)×12×2 ,,,,,,,,,
603,    2 7 8 13 ,  (13-7)×8/2 ,  8/2+13+7 ,  (13+7-8)×2 ,,,,,,,,
604,    2 7 9 10 ,  10+9+7-2 ,  (10+2)×(9-7) ,  (10+9-7)×2 ,,,,,,,,
605,    2 7 9 11 ,  11×2+9-7 ,  (9-7)×11+2 ,,,,,,,,,
606,    2 7 9 13 ,  9×2+13-7 ,  13×2+7-9 ,  (9-7)×13-2 ,,,,,,,,
607,    2 7 10 10 ,  (10-2)×(10-7) ,  (10+7)×2-10 ,,,,,,,,,
608,    2 7 10 11 ,  10×7/2-11 ,  10×2+11-7 ,,,,,,,,,
609,    2 7 10 12 ,  12×10/(7-2) ,  10/2+12+7 ,  (7-10/2)×12 ,,,,,,,,
610,    2 7 11 12 ,  (11-7-2)×12 ,  (11-7)×12/2 ,  12/2+11+7 ,  (11+7)×2-12 ,,,,,,,
611,    2 7 12 12 ,  (7×2-12)×12 ,  (12+2)×12/7 ,,,,,,,,,
612,    2 7 12 13 ,  12/(7-13/2) ,  (13-7)×2+12 ,,,,,,,,,
613,    2 8 8 8 ,  8×8/2-8 ,  (8+8)×2-8 ,  (8/8+2)×8 ,,,,,,,,
614,    2 8 8 9 ,  (9+2-8)×8 ,,,,,,,,,,
615,    2 8 8 10 ,  10+8+8-2 ,  (8-10/2)×8 ,,,,,,,,,
616,    2 8 8 11 ,  (8/8+11)×2 ,,,,,,,,,,
617,    2 8 8 12 ,  (8-2)×(12-8) ,  8/2+12+8 ,  12×2+8-8 ,,,,,,,,
618,    2 8 8 13 ,  (13-8-2)×8 ,  (8×2-13)×8 ,  (13-8/8)×2 ,,,,,,,,
619,    2 8 9 9 ,  9+9+8-2 ,  (9/9+2)×8 ,,,,,,,,,
620,    2 8 9 10 ,  (10+2-9)×8 ,  (9+8)×2-10 ,,,,,,,,,
621,    2 8 9 11 ,  8/2+11+9 ,  (11+9-8)×2 ,,,,,,,,,
622,    2 8 9 12 ,  9×8/2-12 ,  (9-8)×12×2 ,  (9-12/2)×8 ,  (8/12+2)×9 ,,,,,,,
623,    2 8 9 13 ,  (8-2)×(13-9) ,  (13+8-9)×2 ,  9/(2-13/8) ,,,,,,,,
624,    2 8 10 10 ,  8/2+10+10 ,  (10+2)×(10-8) ,  (10+10-8)×2 ,  (10/10+2)×8 ,,,,,,,
625,    2 8 10 11 ,  (11+2-10)×8 ,  (10-2)×(11-8) ,  10/2+11+8 ,  11×2+10-8 ,  (10-8)×11+2 ,,,,,,
626,    2 8 10 12 ,  10×2+12-8 ,  12/2+10+8 ,  (10+8)×2-12 ,,,,,,,,
627,    2 8 10 13 ,  13×2+8-10 ,  (10-8)×13-2 ,,,,,,,,,
628,    2 8 11 11 ,  (11/11+2)×8 ,,,,,,,,,,
629,    2 8 11 12 ,  (12+2-11)×8 ,,,,,,,,,,
630,    2 8 12 12 ,  (12-8-2)×12 ,  12×12/(8-2) ,  (12-8)×12/2 ,  (8-12/2)×12 ,  12/(2-12/8) ,  (12/12+2)×8 ,,,,,
631,    2 8 12 13 ,  (13+2-12)×8 ,,,,,,,,,,
632,    2 8 13 13 ,  (13/13+2)×8 ,,,,,,,,,,
633,    2 9 9 11 ,  (9/9+11)×2 ,,,,,,,,,,
634,    2 9 9 12 ,  12×2+9-9 ,  12/2+9+9 ,  (9+9)×2-12 ,,,,,,,,
635,    2 9 9 13 ,  (13-9/9)×2 ,,,,,,,,,,
636,    2 9 10 10 ,  10/2+10+9 ,,,,,,,,,,
637,    2 9 10 11 ,  (10+2)×(11-9) ,  (11+10-9)×2 ,,,,,,,,,
638,    2 9 10 12 ,  (10-2)×(12-9) ,  (10-9)×12×2 ,,,,,,,,,
639,    2 9 10 13 ,  10×2+13-9 ,  (13+9-10)×2 ,,,,,,,,,
640,    2 9 11 11 ,  11×2+11-9 ,  (11-9)×11+2 ,,,,,,,,,
641,    2 9 11 13 ,  13×2+9-11 ,  (11-9)×13-2 ,,,,,,,,,
642,    2 9 12 13 ,  (13-9-2)×12 ,  (13-9)×12/2 ,,,,,,,,,
643,    2 9 13 13 ,  (13+9)/2+13 ,,,,,,,,,,
644,    2 10 10 11 ,  (10/10+11)×2 ,,,,,,,,,,
645,    2 10 10 12 ,  (10+2)×(12-10) ,  12×2+10-10 ,,,,,,,,,
646,    2 10 10 13 ,  (10-2)×(13-10) ,  (13-10/10)×2 ,,,,,,,,,
647,    2 10 11 11 ,  (11+11-10)×2 ,,,,,,,,,,
648,    2 10 11 12 ,  11×2+12-10 ,  (11-10)×12×2 ,  (12-10)×11+2 ,,,,,,,,
649,    2 10 11 13 ,  (10+2)×(13-11) ,  (13+10-11)×2 ,,,,,,,,,
650,    2 10 12 13 ,  13×2+10-12 ,  (12+10)/2+13 ,  (12-10)×13-2 ,,,,,,,,
651,    2 11 11 11 ,  (11/11+11)×2 ,,,,,,,,,,
652,    2 11 11 12 ,  12×2+11-11 ,,,,,,,,,,
653,    2 11 11 13 ,  11×2+13-11 ,  (11+11)/2+13 ,  (13-11/11)×2 ,  (13-11)×11+2 ,,,,,,,
654,    2 11 12 12 ,  (12-11)×12×2 ,  (12/12+11)×2 ,,,,,,,,,
655,    2 11 12 13 ,  (13+11-12)×2 ,  (13+11)/2+12 ,,,,,,,,,
656,    2 11 13 13 ,  13×2+11-13 ,  (13-11)×13-2 ,  (13+13)/2+11 ,  (13/13+11)×2 ,,,,,,,
657,    2 12 12 12 ,  12×2+12-12 ,  (12+12)/2+12 ,,,,,,,,,
658,    2 12 12 13 ,  (13-12)×12×2 ,  (13-12/12)×2 ,,,,,,,,,
659,    2 12 13 13 ,  12×2+13-13 ,,,,,,,,,,
660,    2 13 13 13 ,  (13-13/13)×2 ,,,,,,,,,,
661,    3 3 3 3 ,  3×3×3-3 ,,,,,,,,,,
662,    3 3 3 4 ,  (3×3-3)×4 ,  (4+3)×3+3 ,,,,,,,,,
663,    3 3 3 5 ,  5×3+3×3 ,,,,,,,,,,
664,    3 3 3 6 ,  6×3+3+3 ,  (3+3)×3+6 ,  (3/3+3)×6 ,  (6+3)×3-3 ,,,,,,,
665,    3 3 3 7 ,  (3+3)×(7-3) ,  (3/3+7)×3 ,,,,,,,,,
666,    3 3 3 8 ,  8×3+3-3 ,,,,,,,,,,
667,    3 3 3 9 ,  (9-3/3)×3 ,,,,,,,,,,
668,    3 3 3 10 ,  10×3-3-3 ,  (10-3)×3+3 ,,,,,,,,,
669,    3 3 3 11 ,  11×3-3×3 ,,,,,,,,,,
670,    3 3 3 12 ,  (3+3)×12/3 ,  3×3+12+3 ,  (3-3/3)×12 ,  (12-3)×3-3 ,,,,,,,
671,    3 3 4 4 ,  4×3+4×3 ,  (4×3-4)×3 ,,,,,,,,,
672,    3 3 4 5 ,  (3/3+5)×4 ,  (5-3)×4×3 ,  (5+4)×3-3 ,,,,,,,,
673,    3 3 4 6 ,  6×4+3-3 ,,,,,,,,,,
674,    3 3 4 7 ,  (7-3/3)×4 ,  (7+4-3)×3 ,,,,,,,,,
675,    3 3 4 8 ,  (3+3)×(8-4) ,  (4-3/3)×8 ,  (4-3)×8×3 ,,,,,,,,
676,    3 3 4 9 ,  4×3+9+3 ,  (9+3-4)×3 ,  (9/3+3)×4 ,,,,,,,,
677,    3 3 4 11 ,  3×3+11+4 ,  (11-4)×3+3 ,,,,,,,,,
678,    3 3 4 12 ,  (3+3-4)×12 ,  (12-3-3)×4 ,  4×3×3-12 ,  12×3-4×3 ,  (12/3+4)×3 ,,,,,,
679,    3 3 4 13 ,  (13-4)×3-3 ,,,,,,,,,,
680,    3 3 5 5 ,  5×5-3/3 ,,,,,,,,,,
681,    3 3 5 6 ,  6×5-3-3 ,  (3+3)×5-6 ,  (3×3-5)×6 ,  (5-3/3)×6 ,  (5+3)×(6-3) ,  5×3+6+3 ,  (6+5-3)×3 ,,,,
682,    3 3 5 7 ,  (5×3-7)×3 ,,,,,,,,,,
683,    3 3 5 9 ,  (3+3)×(9-5) ,  (5+3)×9/3 ,  (9+3)×(5-3) ,  (9/3+5)×3 ,,,,,,,
684,    3 3 5 10 ,  3×3+10+5 ,  (10+3-5)×3 ,  (3-3/5)×10 ,,,,,,,,
685,    3 3 5 12 ,  5×3+12-3 ,  (12-5)×3+3 ,,,,,,,,,
686,    3 3 5 13 ,  13+5+3+3 ,  13×3-5×3 ,,,,,,,,,
687,    3 3 6 6 ,  (6/3+6)×3 ,,,,,,,,,,
688,    3 3 6 7 ,  7×3+6-3 ,  (6-3)×7+3 ,  (7+3)×3-6 ,,,,,,,,
689,    3 3 6 8 ,  (3×3-6)×8 ,  (6+3)×8/3 ,,,,,,,,,
690,    3 3 6 9 ,  3×3+9+6 ,  6×3+9-3 ,  9×3+3-6 ,  (6-3)×9-3 ,  (9+3)×6/3 ,  (9-3)×3+6 ,,,,,
691,    3 3 6 10 ,  (3+3)×(10-6) ,  (10-3-3)×6 ,  (6×3-10)×3 ,  (10-6/3)×3 ,,,,,,,
692,    3 3 6 11 ,  11×3-6-3 ,  (11+3-6)×3 ,  (11-3)×(6-3) ,,,,,,,,
693,    3 3 6 12 ,  12+6+3+3 ,  (3+3)×6-12 ,,,,,,,,,
694,    3 3 6 13 ,  (13-3×3)×6 ,  (13-3)×3-6 ,  (13-6)×3+3 ,,,,,,,,
695,    3 3 7 7 ,  (3/7+3)×7 ,,,,,,,,,,
696,    3 3 7 8 ,  3×3+8+7 ,,,,,,,,,,
697,    3 3 7 9 ,  7×3+9/3 ,  (9-3)×(7-3) ,  9×7/3+3 ,,,,,,,,
698,    3 3 7 11 ,  11+7+3+3 ,  (3+3)×(11-7) ,,,,,,,,,
699,    3 3 7 12 ,  (3×3-7)×12 ,  (12+3-7)×3 ,  (7-3)×3+12 ,,,,,,,,
700,    3 3 7 13 ,  (7×3-13)×3 ,,,,,,,,,,
701,    3 3 8 8 ,  8/(3-8/3) ,,,,,,,,,,
702,    3 3 8 9 ,  (9-3-3)×8 ,  (8+3)×3-9 ,  (8-3)×3+9 ,,,,,,,,
703,    3 3 8 10 ,  10+8+3+3 ,  8/(10/3-3) ,,,,,,,,,
704,    3 3 8 12 ,  (3+3)×(12-8) ,  (8-3-3)×12 ,  (12-3×3)×8 ,  (12-3)×8/3 ,,,,,,,
705,    3 3 8 13 ,  (13+3-8)×3 ,,,,,,,,,,
706,    3 3 9 9 ,  9+9+3+3 ,  9×3-9/3 ,  (3-3/9)×9 ,  9×9/3-3 ,,,,,,,
707,    3 3 9 10 ,  10×3+3-9 ,,,,,,,,,,
708,    3 3 9 11 ,  (11-3)×9/3 ,  (11-9/3)×3 ,,,,,,,,,
709,    3 3 9 12 ,  12×3-9-3 ,  (9+3)×3-12 ,  (9-3)×12/3 ,,,,,,,,
710,    3 3 9 13 ,  (3+3)×(13-9) ,,,,,,,,,,
711,    3 3 10 13 ,  3/3+13+10 ,,,,,,,,,,
712,    3 3 11 12 ,  (11-3×3)×12 ,  3/3+12+11 ,  11×3+3-12 ,,,,,,,,
713,    3 3 11 13 ,  13+11+3-3 ,,,,,,,,,,
714,    3 3 12 12 ,  12×12/(3+3) ,  12+12+3-3 ,  (12-12/3)×3 ,,,,,,,,
715,    3 3 12 13 ,  13+12-3/3 ,  13×3-12-3 ,,,,,,,,,
716,    3 4 4 4 ,  (4+3)×4-4 ,,,,,,,,,,
717,    3 4 4 5 ,  (5+4-3)×4 ,  4×4+5+3 ,,,,,,,,,
718,    3 4 4 6 ,  (6-4)×4×3 ,  (4×3-6)×4 ,  (4-3)×6×4 ,  (4+4)×(6-3) ,  (6/3+4)×4 ,  (4/4+3)×6 ,,,,,
719,    3 4 4 7 ,  (7+3-4)×4 ,  (4/4+7)×3 ,,,,,,,,,
720,    3 4 4 8 ,  4×3+8+4 ,  8×3+4-4 ,  (8-3)×4+4 ,  (4×4-8)×3 ,,,,,,,
721,    3 4 4 9 ,  9×4-4×3 ,  (4-4/3)×9 ,  (4+4)×9/3 ,  (9-4/4)×3 ,,,,,,,
722,    3 4 4 10 ,  (10-3)×4-4 ,,,,,,,,,,
723,    3 4 4 11 ,  4×4+11-3 ,,,,,,,,,,
724,    3 4 4 12 ,  (3-4/4)×12 ,  (12/4+3)×4 ,,,,,,,,,
725,    3 4 4 13 ,  13+4+4+3 ,  (13-4-3)×4 ,,,,,,,,,
726,    3 4 5 5 ,  5×5+3-4 ,  5×3+5+4 ,,,,,,,,,
727,    3 4 5 6 ,  (5+3-4)×6 ,,,,,,,,,,
728,    3 4 5 7 ,  4×3+7+5 ,  (7-5)×4×3 ,  (5+3)×(7-4) ,  5×4+7-3 ,  (7-3)×5+4 ,  (7+5-4)×3 ,,,,,
729,    3 4 5 8 ,  8×4-5-3 ,  (5+3)×4-8 ,  (8+3-5)×4 ,  (8+4)×(5-3) ,  (5-4)×8×3 ,  (5+4)×8/3 ,,,,,
730,    3 4 5 9 ,  (5×3-9)×4 ,  (9+4-5)×3 ,,,,,,,,,
731,    3 4 5 10 ,  10×4×3/5 ,  (5-3)×10+4 ,,,,,,,,,
732,    3 4 5 11 ,  (4+3)×5-11 ,  11×3-5-4 ,,,,,,,,,
733,    3 4 5 12 ,  12+5+4+3 ,  (4+3-5)×12 ,  (5+3)×12/4 ,  12×4/(5-3) ,  12×5/3+4 ,  5×4+12/3 ,  (5×4-12)×3 ,  (12/4+5)×3 ,,,
734,    3 4 5 13 ,  (13+5)×4/3 ,  5×3+13-4 ,,,,,,,,,
735,    3 4 6 6 ,  4×3+6+6 ,  6×6-4×3 ,  (6+4)×3-6 ,  (6+6-4)×3 ,,,,,,,
736,    3 4 6 8 ,  (8-6)×4×3 ,  (4×3-8)×6 ,  (8+4)×6/3 ,  (8-6/3)×4 ,  (8/4+6)×3 ,,,,,,
737,    3 4 6 9 ,  (9+3-6)×4 ,  (9+3)×(6-4) ,,,,,,,,,
738,    3 4 6 10 ,  6×3+10-4 ,  10×6/3+4 ,  (10+4-6)×3 ,  (10-4)×3+6 ,,,,,,,
739,    3 4 6 11 ,  11+6+4+3 ,  (11-4-3)×6 ,  6/(3-11/4) ,,,,,,,,
740,    3 4 6 12 ,  12×4×3/6 ,  (12+6)×4/3 ,  (6+3)×4-12 ,  (6×3-12)×4 ,  (12-4)×(6-3) ,  (6-3)×4+12 ,  (4-6/3)×12 ,,,,
741,    3 4 6 13 ,  (13+3)×6/4 ,  6/(13/4-3) ,,,,,,,,,
742,    3 4 7 7 ,  7×3+7-4 ,  7×4+3-7 ,  (7-3)×7-4 ,  (7-4)×7+3 ,,,,,,,
743,    3 4 7 8 ,  (7-3)×4+8 ,,,,,,,,,,
744,    3 4 7 9 ,  (9-7)×4×3 ,  9×3+4-7 ,  (7+4)×3-9 ,  (7-4)×9-3 ,,,,,,,
745,    3 4 7 10 ,  10+7+4+3 ,  (10+3-7)×4 ,  (10-4)×(7-3) ,,,,,,,,
746,    3 4 7 11 ,  (11+7)×4/3 ,  (11-3)×(7-4) ,  (11+4-7)×3 ,,,,,,,,
747,    3 4 7 12 ,  7×3+12/4 ,  12×7/3-4 ,  7×4-12/3 ,  12×7/4+3 ,,,,,,,
748,    3 4 8 9 ,  9+8+4+3 ,  (4×3-9)×8 ,  (9+3)×8/4 ,  (9-3)×(8-4) ,,,,,,,
749,    3 4 8 10 ,  (10-4-3)×8 ,  (10-8)×4×3 ,  (10+8)×4/3 ,  (10-8/4)×3 ,,,,,,,
750,    3 4 8 11 ,  (11+3-8)×4 ,  8×4+3-11 ,  (11-3)×4-8 ,  8/(4-11/3) ,,,,,,,
751,    3 4 8 12 ,  12×4/3+8 ,  12×4-8×3 ,  12×3-8-4 ,  (8+4)×3-12 ,  (12+4-8)×3 ,  (8-4)×3+12 ,,,,,
752,    3 4 8 13 ,  (13-4)×8/3 ,  8/(13/3-4) ,,,,,,,,,
753,    3 4 9 9 ,  (9+9)×4/3 ,  9×4-9-3 ,  (9-9/3)×4 ,  (9-4)×3+9 ,,,,,,,
754,    3 4 9 11 ,  (11-9)×4×3 ,  (11×9-3)/4 ,,,,,,,,,
755,    3 4 9 12 ,  (9-4-3)×12 ,  9×4/3+12 ,  9×3-12/4 ,  (12+3-9)×4 ,  (12-4)×9/3 ,  12×9/4-3 ,  (3-4/12)×9 ,,,,
756,    3 4 9 13 ,  (13+4-9)×3 ,,,,,,,,,,
757,    3 4 10 10 ,  10×3+4-10 ,,,,,,,,,,
758,    3 4 10 12 ,  (12-10)×4×3 ,  (4×3-10)×12 ,  (10-4)×12/3 ,  (10-12/3)×4 ,  12/(3-10/4) ,,,,,,
759,    3 4 10 13 ,  13+10+4-3 ,  (13+3-10)×4 ,  10×4-13-3 ,,,,,,,,
760,    3 4 11 12 ,  12+11+4-3 ,  (11-3)×12/4 ,  (11-12/4)×3 ,,,,,,,,
761,    3 4 11 13 ,  (13-11)×4×3 ,  (13+11)×(4-3) ,  11×3+4-13 ,  13×3-11-4 ,,,,,,,
762,    3 4 12 12 ,  (12+12)×(4-3) ,  (12-3)×4-12 ,,,,,,,,,
763,    3 4 12 13 ,  13+12+3-4 ,,,,,,,,,,
764,    3 5 5 6 ,  (5+5)×3-6 ,  (5/5+3)×6 ,,,,,,,,,
765,    3 5 5 7 ,  (7+5)×(5-3) ,  (5/5+7)×3 ,,,,,,,,,
766,    3 5 5 8 ,  (5+3)×(8-5) ,  8×3+5-5 ,,,,,,,,,
767,    3 5 5 9 ,  (9-5/5)×3 ,  (9/5+3)×5 ,,,,,,,,,
768,    3 5 5 11 ,  11+5+5+3 ,,,,,,,,,,
769,    3 5 5 12 ,  (3-5/5)×12 ,,,,,,,,,,
770,    3 5 6 6 ,  (6+3-5)×6 ,  (6+6)×(5-3) ,,,,,,,,,
771,    3 5 6 7 ,  (7+5)×6/3 ,  (7+6-5)×3 ,,,,,,,,,
772,    3 5 6 8 ,  8×6/(5-3) ,  (5-6/3)×8 ,  (6-5)×8×3 ,,,,,,,,
773,    3 5 6 9 ,  (5+3)×(9-6) ,  (5-3)×9+6 ,  (6-3)×5+9 ,  6×5+3-9 ,  (9-3)×5-6 ,  (6+5)×3-9 ,  (9+5-6)×3 ,,,,
774,    3 5 6 10 ,  10+6+5+3 ,  (10/5+6)×3 ,,,,,,,,,
775,    3 5 6 11 ,  (5×3-11)×6 ,  6×3+11-5 ,  (11-5)×3+6 ,,,,,,,,
776,    3 5 6 12 ,  (5+3-6)×12 ,  (12-5-3)×6 ,  (5-3)×6+12 ,,,,,,,,
777,    3 5 6 13 ,  (13-5)×(6-3) ,,,,,,,,,,
778,    3 5 7 8 ,  7×3+8-5 ,  7×5-8-3 ,  (8-5)×7+3 ,,,,,,,,
779,    3 5 7 9 ,  9+7+5+3 ,  9×5-7×3 ,  (5-7/3)×9 ,  (9+3)×(7-5) ,,,,,,,
780,    3 5 7 10 ,  (5+3)×(10-7) ,  (5-3)×7+10 ,  (10+5-7)×3 ,,,,,,,,
781,    3 5 7 11 ,  (11-5)×(7-3) ,  (11×7-5)/3 ,,,,,,,,,
782,    3 5 7 12 ,  (7+3)×12/5 ,  12×3-7-5 ,  (7+5)×3-12 ,,,,,,,,
783,    3 5 7 13 ,  (13×5+7)/3 ,,,,,,,,,,
784,    3 5 8 8 ,  8+8+5+3 ,  (5-3)×8+8 ,,,,,,,,,
785,    3 5 8 9 ,  9×3+5-8 ,  (8-5)×9-3 ,,,,,,,,,
786,    3 5 8 11 ,  (5+3)×(11-8) ,  (11-5-3)×8 ,  (11-3)×(8-5) ,  (11+5-8)×3 ,,,,,,,
787,    3 5 8 12 ,  (5×3-12)×8 ,  (12+3)×8/5 ,,,,,,,,,
788,    3 5 8 13 ,  8×5-13-3 ,,,,,,,,,,
789,    3 5 9 9 ,  9×5/3+9 ,  (9-3)×(9-5) ,,,,,,,,,
790,    3 5 9 10 ,  (9+3)×10/5 ,  (10-5)×3+9 ,,,,,,,,,
791,    3 5 9 12 ,  (5+3)×(12-9) ,  (5-9/3)×12 ,  (12+5-9)×3 ,  (9-5)×3+12 ,,,,,,,
792,    3 5 9 13 ,  13+9+5-3 ,  (13-5)×9/3 ,  (13×9+3)/5 ,,,,,,,,
793,    3 5 10 10 ,  (10-10/5)×3 ,,,,,,,,,,
794,    3 5 10 11 ,  10×3+5-11 ,  (10-3)×5-11 ,,,,,,,,,
795,    3 5 10 12 ,  (10-5-3)×12 ,  12+10+5-3 ,,,,,,,,,
796,    3 5 10 13 ,  (5+3)×(13-10) ,  13×3-10-5 ,  (13+5-10)×3 ,,,,,,,,
797,    3 5 11 11 ,  11+11+5-3 ,,,,,,,,,,
798,    3 5 11 12 ,  (11-5)×12/3 ,,,,,,,,,,
799,    3 5 12 12 ,  12×5-12×3 ,  (12×5+12)/3 ,,,,,,,,,
800,    3 5 12 13 ,  (5×3-13)×12 ,  (13-3)×12/5 ,,,,,,,,,
801,    3 5 13 13 ,  13+13+3-5 ,,,,,,,,,,
802,    3 6 6 6 ,  (6-3)×6+6 ,  (6+6)×6/3 ,  (6-6/3)×6 ,  (6/6+3)×6 ,,,,,,,
803,    3 6 6 7 ,  7×6-6×3 ,  (7+3-6)×6 ,  (6/6+7)×3 ,,,,,,,,
804,    3 6 6 8 ,  8×3+6-6 ,  (8-3)×6-6 ,,,,,,,,,
805,    3 6 6 9 ,  9+6+6+3 ,  9×6/3+6 ,  6×6-9-3 ,  (9-6/6)×3 ,,,,,,,
806,    3 6 6 10 ,  (6-3)×10-6 ,,,,,,,,,,
807,    3 6 6 11 ,  (11×6+6)/3 ,,,,,,,,,,
808,    3 6 6 12 ,  6×3+12-6 ,  12×6/(6-3) ,  6×6/3+12 ,  12×3-6-6 ,  (6+6)×3-12 ,  (3-6/6)×12 ,  (12-6)×3+6 ,  (12/6+6)×3 ,,,
809,    3 6 6 13 ,  (13-6-3)×6 ,  (13×6-6)/3 ,,,,,,,,,
810,    3 6 7 7 ,  (7+7-6)×3 ,  (7/7+3)×6 ,,,,,,,,,
811,    3 6 7 8 ,  8+7+6+3 ,  (8+3-7)×6 ,  (7-6)×8×3 ,,,,,,,,
812,    3 6 7 9 ,  7×3+9-6 ,  (7-9/3)×6 ,  (9+6-7)×3 ,  (9-6)×7+3 ,,,,,,,
813,    3 6 7 10 ,  7×6/3+10 ,,,,,,,,,,
814,    3 6 7 12 ,  (6+3-7)×12 ,  (12-6)×(7-3) ,,,,,,,,,
815,    3 6 7 13 ,  6×3+13-7 ,  (13-7)×3+6 ,,,,,,,,,
816,    3 6 8 8 ,  8×6/3+8 ,  8×6-8×3 ,  (8/8+3)×6 ,,,,,,,,
817,    3 6 8 9 ,  9×8/(6-3) ,  (9+3-8)×6 ,  (9+3)×(8-6) ,  (6-9/3)×8 ,,,,,,,
818,    3 6 8 10 ,  (10+6-8)×3 ,,,,,,,,,,
819,    3 6 8 12 ,  (12-6-3)×8 ,  (8-12/3)×6 ,,,,,,,,,
820,    3 6 8 13 ,  13+8+6-3 ,,,,,,,,,,
821,    3 6 9 9 ,  9×3+6-9 ,  (9-6)×9-3 ,  (9/9+3)×6 ,,,,,,,,
822,    3 6 9 10 ,  (10+3-9)×6 ,  (9-3)×(10-6) ,  10×9/3-6 ,  9×6-10×3 ,  (6-10/3)×9 ,,,,,,
823,    3 6 9 11 ,  (6-3)×11-9 ,  (11-3)×(9-6) ,  (11+6-9)×3 ,  (11-6)×3+9 ,,,,,,,
824,    3 6 9 12 ,  12×6×3/9 ,  12+9+6-3 ,  (9+3)×12/6 ,  (9-3)×6-12 ,,,,,,,
825,    3 6 9 13 ,  6/3+13+9 ,  (13+3)×9/6 ,  13×3-9-6 ,,,,,,,,
826,    3 6 10 10 ,  (3-6/10)×10 ,  (10/10+3)×6 ,,,,,,,,,
827,    3 6 10 11 ,  11+10+6-3 ,  (11+3-10)×6 ,,,,,,,,,
828,    3 6 10 12 ,  6/3+12+10 ,  10×3+6-12 ,  10×6-12×3 ,  (10×6+12)/3 ,  (12+6-10)×3 ,  (10-6)×3+12 ,  (10-12/6)×3 ,,,,
829,    3 6 11 11 ,  6/3+11+11 ,  (11/11+3)×6 ,,,,,,,,,
830,    3 6 11 12 ,  (11-6-3)×12 ,  (12+3-11)×6 ,,,,,,,,,
831,    3 6 11 13 ,  (13+6-11)×3 ,,,,,,,,,,
832,    3 6 12 12 ,  (6-3)×12-12 ,  (12-6)×12/3 ,  (6-12/3)×12 ,  (12/12+3)×6 ,,,,,,,
833,    3 6 12 13 ,  (13+3-12)×6 ,,,,,,,,,,
834,    3 6 13 13 ,  13+13-6/3 ,  (13/13+3)×6 ,,,,,,,,,
835,    3 7 7 7 ,  7+7+7+3 ,  (7/7+7)×3 ,,,,,,,,,
836,    3 7 7 8 ,  8×3+7-7 ,,,,,,,,,,
837,    3 7 7 9 ,  (9-7/7)×3 ,,,,,,,,,,
838,    3 7 7 10 ,  7×3+10-7 ,  (10-7)×7+3 ,,,,,,,,,
839,    3 7 7 12 ,  (3-7/7)×12 ,,,,,,,,,,
840,    3 7 7 13 ,  13+7+7-3 ,  (13-7)×(7-3) ,,,,,,,,,
841,    3 7 8 8 ,  (7-3)×8-8 ,  (8-7)×8×3 ,  (8/8+7)×3 ,,,,,,,,
842,    3 7 8 9 ,  (9+7-8)×3 ,,,,,,,,,,
843,    3 7 8 11 ,  7×3+11-8 ,  (8-3)×7-11 ,  (11-8)×7+3 ,,,,,,,,
844,    3 7 8 12 ,  (7+3-8)×12 ,  12+8+7-3 ,  12×8/(7-3) ,  (7-12/3)×8 ,,,,,,,
845,    3 7 8 13 ,  (13-7-3)×8 ,  13×3-8-7 ,,,,,,,,,
846,    3 7 9 9 ,  (9+3)×(9-7) ,  (9×7+9)/3 ,  (9/9+7)×3 ,,,,,,,,
847,    3 7 9 10 ,  9×3+7-10 ,  (10+7-9)×3 ,  (10-7)×9-3 ,,,,,,,,
848,    3 7 9 11 ,  11+9+7-3 ,  (9-3)×(11-7) ,,,,,,,,,
849,    3 7 9 12 ,  7×3+12-9 ,  (7-3)×9-12 ,  (12-7)×3+9 ,  (12-9)×7+3 ,,,,,,,
850,    3 7 9 13 ,  9×7-13×3 ,  (7-13/3)×9 ,,,,,,,,,
851,    3 7 10 10 ,  10+10+7-3 ,  (10/10+7)×3 ,,,,,,,,,
852,    3 7 10 11 ,  (11-3)×(10-7) ,  (11+7-10)×3 ,,,,,,,,,
853,    3 7 10 13 ,  7×3+13-10 ,  10×3+7-13 ,  (13-10)×7+3 ,,,,,,,,
854,    3 7 11 11 ,  (11/11+7)×3 ,,,,,,,,,,
855,    3 7 11 12 ,  (11+3)×12/7 ,  (12+7-11)×3 ,  (11-7)×3+12 ,,,,,,,,
856,    3 7 12 12 ,  (12-7-3)×12 ,  (12×7-12)/3 ,  (12/12+7)×3 ,,,,,,,,
857,    3 7 12 13 ,  (13-7)×12/3 ,  12/3+13+7 ,  (13+7-12)×3 ,,,,,,,,
858,    3 7 13 13 ,  (13/13+7)×3 ,,,,,,,,,,
859,    3 8 8 8 ,  8×3+8-8 ,  (8×8+8)/3 ,,,,,,,,,
860,    3 8 8 9 ,  (9-8)×8×3 ,  (9-8/8)×3 ,,,,,,,,,
861,    3 8 8 10 ,  (10×8-8)/3 ,,,,,,,,,,
862,    3 8 8 11 ,  11+8+8-3 ,,,,,,,,,,
863,    3 8 8 12 ,  12×8/3-8 ,  (3-8/8)×12 ,,,,,,,,,
864,    3 8 9 9 ,  8×3+9-9 ,,,,,,,,,,
865,    3 8 9 10 ,  (10-9)×8×3 ,  10+9+8-3 ,  (9+3)×(10-8) ,,,,,,,,
866,    3 8 9 11 ,  9×3+8-11 ,  (11-8)×9-3 ,,,,,,,,,
867,    3 8 9 12 ,  (8+3-9)×12 ,  (9-3)×(12-8) ,,,,,,,,,
868,    3 8 9 13 ,  9/3+13+8 ,  (13-8)×3+9 ,,,,,,,,,
869,    3 8 10 10 ,  8×3+10-10 ,,,,,,,,,,
870,    3 8 10 11 ,  (11-10)×8×3 ,,,,,,,,,,
871,    3 8 10 12 ,  12×10/(8-3) ,,,,,,,,,,
872,    3 8 11 11 ,  8×3+11-11 ,  (11-3)×(11-8) ,,,,,,,,,
873,    3 8 11 12 ,  (12-11)×8×3 ,,,,,,,,,,
874,    3 8 12 12 ,  8×3+12-12 ,  12/3+12+8 ,  (12-8)×3+12 ,,,,,,,,
875,    3 8 12 13 ,  (13-8-3)×12 ,  (13-12)×8×3 ,  (13+3)×12/8 ,,,,,,,,
876,    3 8 13 13 ,  8×3+13-13 ,,,,,,,,,,
877,    3 9 9 9 ,  9+9+9-3 ,  (9×9-9)/3 ,  (9-9/9)×3 ,,,,,,,,
878,    3 9 9 10 ,  (9+9-10)×3 ,,,,,,,,,,
879,    3 9 9 11 ,  (9+3)×(11-9) ,  11×9/3-9 ,,,,,,,,,
880,    3 9 9 12 ,  9×3+9-12 ,  9/3+12+9 ,  (3-9/9)×12 ,  (12-9)×9-3 ,,,,,,,
881,    3 9 9 13 ,  (9-3)×(13-9) ,,,,,,,,,,
882,    3 9 10 10 ,  (9-10/10)×3 ,,,,,,,,,,
883,    3 9 10 11 ,  9/3+11+10 ,  (10+9-11)×3 ,,,,,,,,,
884,    3 9 10 12 ,  (9+3)×(12-10) ,  (9+3-10)×12 ,,,,,,,,,
885,    3 9 10 13 ,  9×3+10-13 ,  (13-10)×9-3 ,,,,,,,,,
886,    3 9 11 11 ,  (3-9/11)×11 ,  (9-11/11)×3 ,,,,,,,,,
887,    3 9 11 12 ,  (11-3)×(12-9) ,  12/3+11+9 ,  (11+9-12)×3 ,,,,,,,,
888,    3 9 11 13 ,  (9+3)×(13-11) ,,,,,,,,,,
889,    3 9 12 12 ,  12×12/(9-3) ,  12×9/3-12 ,  (9-12/12)×3 ,,,,,,,,
890,    3 9 12 13 ,  (12+9-13)×3 ,  (13-9)×3+12 ,,,,,,,,,
891,    3 9 13 13 ,  (9-13/13)×3 ,,,,,,,,,,
892,    3 10 10 12 ,  12/3+10+10 ,  (10+10-12)×3 ,  (3-10/10)×12 ,,,,,,,,
893,    3 10 11 12 ,  (10+3-11)×12 ,,,,,,,,,,
894,    3 10 11 13 ,  (11-3)×(13-10) ,  (11+10-13)×3 ,,,,,,,,,
895,    3 11 11 12 ,  (3-11/11)×12 ,,,,,,,,,,
896,    3 11 12 12 ,  (11+3-12)×12 ,,,,,,,,,,
897,    3 12 12 12 ,  (3-12/12)×12 ,,,,,,,,,,
898,    3 12 12 13 ,  (12+3-13)×12 ,,,,,,,,,,
899,    3 12 13 13 ,  (3-13/13)×12 ,,,,,,,,,,
900,    4 4 4 4 ,  4×4+4+4 ,,,,,,,,,,
901,    4 4 4 5 ,  (4/4+5)×4 ,,,,,,,,,,
902,    4 4 4 6 ,  6×4+4-4 ,,,,,,,,,,
903,    4 4 4 7 ,  (4+4)×(7-4) ,  (7-4/4)×4 ,,,,,,,,,
904,    4 4 4 8 ,  8×4-4-4 ,  (4+4)×4-8 ,  (4-4/4)×8 ,  (8/4+4)×4 ,,,,,,,
905,    4 4 4 9 ,  (9-4)×4+4 ,,,,,,,,,,
906,    4 4 4 10 ,  10×4-4×4 ,  (4×4-10)×4 ,,,,,,,,,
907,    4 4 4 11 ,  (11-4)×4-4 ,,,,,,,,,,
908,    4 4 4 12 ,  12+4+4+4 ,  (4+4)×12/4 ,  4×4+12-4 ,,,,,,,,
909,    4 4 5 5 ,  5×5-4/4 ,  (5+5-4)×4 ,  (4/5+4)×5 ,,,,,,,,
910,    4 4 5 6 ,  (5-4/4)×6 ,  (5-4)×6×4 ,,,,,,,,,
911,    4 4 5 7 ,  (7+4-5)×4 ,,,,,,,,,,
912,    4 4 5 8 ,  (4+4)×(8-5) ,  (4+4-5)×8 ,  8×5-4×4 ,  5×4+8-4 ,  (8-4)×5+4 ,,,,,,
913,    4 4 5 10 ,  (10-5)×4+4 ,  (10/5+4)×4 ,,,,,,,,,
914,    4 4 5 11 ,  11+5+4+4 ,  11×4-5×4 ,,,,,,,,,
915,    4 4 5 12 ,  (5+4)×4-12 ,  (12-5)×4-4 ,,,,,,,,,
916,    4 4 5 13 ,  4×4+13-5 ,,,,,,,,,,
917,    4 4 6 8 ,  (8+4-6)×4 ,  (8+4)×(6-4) ,,,,,,,,,
918,    4 4 6 9 ,  (4+4)×(9-6) ,  9×4×4/6 ,,,,,,,,,
919,    4 4 6 10 ,  10+6+4+4 ,  (6-4)×10+4 ,,,,,,,,,
920,    4 4 6 11 ,  (11-6)×4+4 ,,,,,,,,,,
921,    4 4 6 12 ,  (4+4-6)×12 ,  (12-4-4)×6 ,  (4×4-12)×6 ,  12×4-6×4 ,  12×4/(6-4) ,  (12+4)×6/4 ,  (12/6+4)×4 ,,,,
922,    4 4 6 13 ,  (13-6)×4-4 ,,,,,,,,,,
923,    4 4 7 7 ,  (4-4/7)×7 ,,,,,,,,,,
924,    4 4 7 8 ,  7×4+4-8 ,  (8-4)×7-4 ,,,,,,,,,
925,    4 4 7 9 ,  9+7+4+4 ,  (9+4-7)×4 ,,,,,,,,,
926,    4 4 7 10 ,  (4+4)×(10-7) ,,,,,,,,,,
927,    4 4 7 12 ,  (12-4)×(7-4) ,  (7-4)×4+12 ,  (12-7)×4+4 ,,,,,,,,
928,    4 4 7 13 ,  13×4-7×4 ,,,,,,,,,,
929,    4 4 8 8 ,  8+8+4+4 ,  (8+4)×8/4 ,  (8-4)×4+8 ,  (8-8/4)×4 ,,,,,,,
930,    4 4 8 9 ,  9×4-8-4 ,,,,,,,,,,
931,    4 4 8 10 ,  (10+4-8)×4 ,  (10-4)×(8-4) ,  10×8/4+4 ,,,,,,,,
932,    4 4 8 11 ,  (4+4)×(11-8) ,  (11-4-4)×8 ,,,,,,,,,
933,    4 4 8 12 ,  12×4×4/8 ,  8×4+4-12 ,  (4-8/4)×12 ,  (12-4)×4-8 ,,,,,,,
934,    4 4 8 13 ,  (4×4-13)×8 ,  (13-8)×4+4 ,,,,,,,,,
935,    4 4 9 11 ,  (11+4-9)×4 ,,,,,,,,,,
936,    4 4 9 12 ,  (4+4)×(12-9) ,  (9-12/4)×4 ,,,,,,,,,
937,    4 4 10 10 ,  (10×10-4)/4 ,,,,,,,,,,
938,    4 4 10 12 ,  (10-4-4)×12 ,  10×4-12-4 ,  (12+4-10)×4 ,,,,,,,,
939,    4 4 10 13 ,  (4+4)×(13-10) ,  4/4+13+10 ,,,,,,,,,
940,    4 4 11 12 ,  4/4+12+11 ,,,,,,,,,,
941,    4 4 11 13 ,  13+11+4-4 ,  (13+4-11)×4 ,,,,,,,,,
942,    4 4 12 12 ,  12+12+4-4 ,  (12-4)×12/4 ,,,,,,,,,
943,    4 4 12 13 ,  13+12-4/4 ,  (13-4)×4-12 ,,,,,,,,,
944,    4 5 5 5 ,  5×5+4-5 ,  (5/5+5)×4 ,,,,,,,,,
945,    4 5 5 6 ,  6×4+5-5 ,,,,,,,,,,
946,    4 5 5 7 ,  (7-5/5)×4 ,,,,,,,,,,
947,    4 5 5 8 ,  (4-5/5)×8 ,,,,,,,,,,
948,    4 5 5 9 ,  5×4+9-5 ,  (9-5)×5+4 ,,,,,,,,,
949,    4 5 5 10 ,  10+5+5+4 ,,,,,,,,,,
950,    4 5 6 6 ,  (6-5)×6×4 ,  (6/6+5)×4 ,,,,,,,,,
951,    4 5 6 7 ,  (7+5)×(6-4) ,  (7+5-6)×4 ,,,,,,,,,
952,    4 5 6 8 ,  (5+4-6)×8 ,,,,,,,,,,
953,    4 5 6 9 ,  9+6+5+4 ,,,,,,,,,,
954,    4 5 6 10 ,  5×4+10-6 ,  6×5+4-10 ,  (10-4)×5-6 ,  (10-6)×5+4 ,,,,,,,
955,    4 5 6 11 ,  (11+5)×6/4 ,,,,,,,,,,
956,    4 5 6 12 ,  (6+4)×12/5 ,,,,,,,,,,
957,    4 5 6 13 ,  (13-5-4)×6 ,,,,,,,,,,
958,    4 5 7 7 ,  7×5-7-4 ,  (7/7+5)×4 ,,,,,,,,,
959,    4 5 7 8 ,  8+7+5+4 ,  (8+4)×(7-5) ,  (7+5)×8/4 ,  (8+5-7)×4 ,,,,,,,
960,    4 5 7 9 ,  7×4+5-9 ,  (7-4)×5+9 ,  9×4-7-5 ,  (9-5)×7-4 ,,,,,,,
961,    4 5 7 10 ,  (7-5)×10+4 ,,,,,,,,,,
962,    4 5 7 11 ,  5×4+11-7 ,  (11-7)×5+4 ,,,,,,,,,
963,    4 5 7 12 ,  (5+4-7)×12 ,  12×4/(7-5) ,,,,,,,,,
964,    4 5 7 13 ,  (13-5)×(7-4) ,  (13×7+5)/4 ,,,,,,,,,
965,    4 5 8 8 ,  (5-8/4)×8 ,  (8/8+5)×4 ,,,,,,,,,
966,    4 5 8 9 ,  (9+5-8)×4 ,  (9-5)×4+8 ,,,,,,,,,
967,    4 5 8 10 ,  (8+4)×10/5 ,  (4-8/5)×10 ,  (8-10/5)×4 ,  (8/10+4)×5 ,,,,,,,
968,    4 5 8 11 ,  (11-5)×(8-4) ,  (11+4)×8/5 ,,,,,,,,,
969,    4 5 8 12 ,  (12-5-4)×8 ,  5×4+12-8 ,  8×5-12-4 ,  (12-4)×(8-5) ,  (8-5)×4+12 ,  (12-8)×5+4 ,,,,,
970,    4 5 8 13 ,  8×4+5-13 ,  (13-5)×4-8 ,,,,,,,,,
971,    4 5 9 9 ,  (9/9+5)×4 ,,,,,,,,,,
972,    4 5 9 10 ,  (10-4)×(9-5) ,  (10+5-9)×4 ,,,,,,,,,
973,    4 5 9 12 ,  12×5/4+9 ,  12×5-9×4 ,,,,,,,,,
974,    4 5 9 13 ,  5×4+13-9 ,  (13-9)×5+4 ,,,,,,,,,
975,    4 5 10 10 ,  10×10/5+4 ,  (10/10+5)×4 ,,,,,,,,,
976,    4 5 10 11 ,  10×4-11-5 ,  (11+5-10)×4 ,,,,,,,,,
977,    4 5 10 12 ,  12×5×4/10 ,  (4-10/5)×12 ,,,,,,,,,
978,    4 5 10 13 ,  13+10+5-4 ,,,,,,,,,,
979,    4 5 11 11 ,  (11-4)×5-11 ,  (11/11+5)×4 ,,,,,,,,,
980,    4 5 11 12 ,  (11-5-4)×12 ,  12+11+5-4 ,  (12+5-11)×4 ,,,,,,,,
981,    4 5 11 13 ,  (13+11)×(5-4) ,,,,,,,,,,
982,    4 5 12 12 ,  (12+12)×(5-4) ,  (5-12/4)×12 ,  (12/12+5)×4 ,,,,,,,,
983,    4 5 12 13 ,  13+12+4-5 ,  (13-5)×12/4 ,  (13+5-12)×4 ,,,,,,,,
984,    4 5 13 13 ,  (13/13+5)×4 ,,,,,,,,,,
985,    4 6 6 6 ,  6×4+6-6 ,  (6+6)×(6-4) ,,,,,,,,,
986,    4 6 6 7 ,  (7-6)×6×4 ,  (7-4)×6+6 ,  (7-6/6)×4 ,,,,,,,,
987,    4 6 6 8 ,  8+6+6+4 ,  8×6-6×4 ,  8×6/(6-4) ,  6×6-8-4 ,  (6+6)×8/4 ,  (6-8/4)×6 ,  (4-6/6)×8 ,,,,
988,    4 6 6 9 ,  (6-4)×9+6 ,  9×4-6-6 ,  (9-4)×6-6 ,,,,,,,,
989,    4 6 6 10 ,  (10+6)×6/4 ,,,,,,,,,,
990,    4 6 6 12 ,  (6-4)×6+12 ,  12×6/4+6 ,,,,,,,,,
991,    4 6 7 7 ,  7+7+6+4 ,  6×4+7-7 ,,,,,,,,,
992,    4 6 7 8 ,  (6+4-7)×8 ,  (8-7)×6×4 ,,,,,,,,,
993,    4 6 7 9 ,  (9+7)×6/4 ,,,,,,,,,,
994,    4 6 7 10 ,  (6-4)×7+10 ,  7×4+6-10 ,  (7-4)×10-6 ,  (10-6)×7-4 ,,,,,,,
995,    4 6 7 12 ,  12×6/(7-4) ,  (7-12/4)×6 ,,,,,,,,,
996,    4 6 8 8 ,  6×4+8-8 ,  (6-4)×8+8 ,  (8+8)×6/4 ,  (8+4)×(8-6) ,,,,,,,
997,    4 6 8 9 ,  (9-8)×6×4 ,  9×8/4+6 ,  (4-8/6)×9 ,,,,,,,,
998,    4 6 8 10 ,  (8-6)×10+4 ,  (10-6)×4+8 ,,,,,,,,,
999,    4 6 8 12 ,  (6+4-8)×12 ,  8×6/4+12 ,  (8+4)×12/6 ,  (12-6)×(8-4) ,  12×4/(8-6) ,  (6-12/4)×8 ,  (8-12/6)×4 ,,,,
1000,    4 6 8 13 ,  (13-6-4)×8 ,,,,,,,,,,
1001,    4 6 9 9 ,  6×4+9-9 ,,,,,,,,,,
1002,    4 6 9 10 ,  (10-9)×6×4 ,  10×6/4+9 ,  10×6-9×4 ,  (10×9+6)/4 ,,,,,,,
1003,    4 6 9 12 ,  (12+4)×9/6 ,  (12-4)×(9-6) ,  (9-6)×4+12 ,,,,,,,,
1004,    4 6 9 13 ,  13+9+6-4 ,,,,,,,,,,
1005,    4 6 10 10 ,  6×4+10-10 ,  10×4-10-6 ,  (10-4)×(10-6) ,,,,,,,,
1006,    4 6 10 11 ,  (11-10)×6×4 ,,,,,,,,,,
1007,    4 6 10 12 ,  12+10+6-4 ,  (10-4)×6-12 ,  12×10/4-6 ,  12×10/6+4 ,,,,,,,
1008,    4 6 11 11 ,  6×4+11-11 ,  11+11+6-4 ,,,,,,,,,
1009,    4 6 11 12 ,  (12-11)×6×4 ,,,,,,,,,,
1010,    4 6 12 12 ,  (12-6-4)×12 ,  6×4+12-12 ,  12×6-12×4 ,  (4-12/6)×12 ,,,,,,,
1011,    4 6 12 13 ,  (13-12)×6×4 ,,,,,,,,,,
1012,    4 6 13 13 ,  6×4+13-13 ,  13+13+4-6 ,,,,,,,,,
1013,    4 7 7 7 ,  (7-7/7)×4 ,,,,,,,,,,
1014,    4 7 7 8 ,  (7+7-8)×4 ,  (4-7/7)×8 ,,,,,,,,,
1015,    4 7 7 11 ,  7×4+7-11 ,  (11-7)×7-4 ,,,,,,,,,
1016,    4 7 8 8 ,  (7+4-8)×8 ,  8×7-8×4 ,  (7-8/8)×4 ,,,,,,,,
1017,    4 7 8 9 ,  9×8/(7-4) ,  (8+4)×(9-7) ,  (8+7-9)×4 ,,,,,,,,
1018,    4 7 8 10 ,  8×7/4+10 ,,,,,,,,,,
1019,    4 7 8 11 ,  (11-7)×4+8 ,,,,,,,,,,
1020,    4 7 8 12 ,  7×4+8-12 ,  (12-8)×7-4 ,,,,,,,,,
1021,    4 7 8 13 ,  13+8+7-4 ,  (13-7)×(8-4) ,,,,,,,,,
1022,    4 7 9 9 ,  (7-9/9)×4 ,,,,,,,,,,
1023,    4 7 9 10 ,  10×4-9-7 ,  (9+7-10)×4 ,  (9-7)×10+4 ,,,,,,,,
1024,    4 7 9 11 ,  (7-4)×11-9 ,  (9-4)×7-11 ,,,,,,,,,
1025,    4 7 9 12 ,  (7+4-9)×12 ,  12+9+7-4 ,  12×4/(9-7) ,,,,,,,,
1026,    4 7 9 13 ,  7×4+9-13 ,  (13-9)×7-4 ,,,,,,,,,
1027,    4 7 10 10 ,  (7-10/10)×4 ,,,,,,,,,,
1028,    4 7 10 11 ,  11+10+7-4 ,  (10-4)×(11-7) ,  (10+7-11)×4 ,,,,,,,,
1029,    4 7 10 12 ,  (10+4)×12/7 ,  (12-4)×(10-7) ,  (10-7)×4+12 ,,,,,,,,
1030,    4 7 11 11 ,  (7-11/11)×4 ,,,,,,,,,,
1031,    4 7 11 12 ,  (11+7-12)×4 ,,,,,,,,,,
1032,    4 7 11 13 ,  11×4-13-7 ,,,,,,,,,,
1033,    4 7 12 12 ,  (7-4)×12-12 ,  (12×7+12)/4 ,  (7-12/12)×4 ,,,,,,,,
1034,    4 7 12 13 ,  (13-7-4)×12 ,  (12+7-13)×4 ,,,,,,,,,
1035,    4 7 13 13 ,  (7-13/13)×4 ,,,,,,,,,,
1036,    4 8 8 8 ,  (8-4)×8-8 ,  8×8/4+8 ,  (4-8/8)×8 ,,,,,,,,
1037,    4 8 8 9 ,  (8+4-9)×8 ,,,,,,,,,,
1038,    4 8 8 10 ,  (8+4)×(10-8) ,  10×4-8-8 ,  8×8-10×4 ,  (8+8-10)×4 ,,,,,,,
1039,    4 8 8 11 ,  (11×8+8)/4 ,,,,,,,,,,
1040,    4 8 8 12 ,  12+8+8-4 ,  12×8/(8-4) ,  (12-8)×4+8 ,,,,,,,,
1041,    4 8 8 13 ,  (13×8-8)/4 ,,,,,,,,,,
1042,    4 8 9 9 ,  (4-9/9)×8 ,,,,,,,,,,
1043,    4 8 9 10 ,  (9+4-10)×8 ,,,,,,,,,,
1044,    4 8 9 11 ,  (8+4)×(11-9) ,  11+9+8-4 ,  (9+8-11)×4 ,,,,,,,,
1045,    4 8 9 12 ,  9×8×4/12 ,  (8-4)×9-12 ,  9×8-12×4 ,,,,,,,,
1046,    4 8 9 13 ,  8/4+13+9 ,  (13-9)×4+8 ,,,,,,,,,
1047,    4 8 10 10 ,  10+10+8-4 ,  (10-8)×10+4 ,  (4-10/10)×8 ,,,,,,,,
1048,    4 8 10 11 ,  (10+4-11)×8 ,,,,,,,,,,
1049,    4 8 10 12 ,  (8+4)×(12-10) ,  (8+4-10)×12 ,  8/4+12+10 ,  (10-4)×(12-8) ,  12×4/(10-8) ,  (10+8-12)×4 ,,,,,
1050,    4 8 11 11 ,  8/4+11+11 ,  (4-11/11)×8 ,,,,,,,,,
1051,    4 8 11 12 ,  (11+4-12)×8 ,  11×4-12-8 ,  (12-4)×(11-8) ,  (11-8)×4+12 ,,,,,,,
1052,    4 8 11 13 ,  (8+4)×(13-11) ,  (11+8-13)×4 ,,,,,,,,,
1053,    4 8 12 12 ,  (12+4)×12/8 ,  (4-12/12)×8 ,,,,,,,,,
1054,    4 8 12 13 ,  (12+4-13)×8 ,  12/4+13+8 ,,,,,,,,,
1055,    4 8 13 13 ,  13+13-8/4 ,  (4-13/13)×8 ,,,,,,,,,
1056,    4 9 9 10 ,  10+9+9-4 ,,,,,,,,,,
1057,    4 9 9 12 ,  (9+9-12)×4 ,  (4-12/9)×9 ,,,,,,,,,
1058,    4 9 10 11 ,  (11-9)×10+4 ,,,,,,,,,,
1059,    4 9 10 12 ,  12×10/(9-4) ,,,,,,,,,,
1060,    4 9 10 13 ,  (10-4)×(13-9) ,  (10+9-13)×4 ,,,,,,,,,
1061,    4 9 11 11 ,  11×4-11-9 ,,,,,,,,,,
1062,    4 9 11 12 ,  (9+4-11)×12 ,  12×11/4-9 ,  12×4/(11-9) ,,,,,,,,
1063,    4 9 12 12 ,  (12-4)×(12-9) ,  12/4+12+9 ,  (12×9-12)/4 ,  (12-9)×4+12 ,,,,,,,
1064,    4 10 10 11 ,  11×4-10-10 ,,,,,,,,,,
1065,    4 10 10 12 ,  (12-10)×10+4 ,,,,,,,,,,
1066,    4 10 11 12 ,  12/4+11+10 ,,,,,,,,,,
1067,    4 10 11 13 ,  (13-11)×10+4 ,,,,,,,,,,
1068,    4 10 12 12 ,  (10+4-12)×12 ,  12×12/(10-4) ,  12×4/(12-10) ,,,,,,,,
1069,    4 10 12 13 ,  (12-4)×(13-10) ,  (13-10)×4+12 ,,,,,,,,,
1070,    4 11 12 13 ,  (11+4-13)×12 ,  12×4-13-11 ,  12×4/(13-11) ,,,,,,,,
1071,    4 12 12 12 ,  12×4-12-12 ,  12×12/4-12 ,,,,,,,,,
1072,    5 5 5 5 ,  5×5-5/5 ,,,,,,,,,,
1073,    5 5 5 6 ,  5×5+5-6 ,  (5-5/5)×6 ,,,,,,,,,
1074,    5 5 5 9 ,  9+5+5+5 ,,,,,,,,,,
1075,    5 5 5 12 ,  (5+5)×12/5 ,,,,,,,,,,
1076,    5 5 6 6 ,  (5+5-6)×6 ,  5×5-6/6 ,  (6-6/5)×5 ,,,,,,,,
1077,    5 5 6 7 ,  5×5+6-7 ,  7×5-6-5 ,,,,,,,,,
1078,    5 5 6 8 ,  8+6+5+5 ,,,,,,,,,,
1079,    5 5 6 11 ,  6×5+5-11 ,  (11-5)×5-6 ,,,,,,,,,
1080,    5 5 7 7 ,  7+7+5+5 ,  7×7-5×5 ,  5×5-7/7 ,  (7+5)×(7-5) ,,,,,,,
1081,    5 5 7 8 ,  (5+5-7)×8 ,  5×5+7-8 ,,,,,,,,,
1082,    5 5 7 10 ,  (7+5)×10/5 ,,,,,,,,,,
1083,    5 5 7 11 ,  (7-11/5)×5 ,,,,,,,,,,
1084,    5 5 8 8 ,  5×5-8/8 ,,,,,,,,,,
1085,    5 5 8 9 ,  5×5+8-9 ,  (8-5)×5+9 ,,,,,,,,,
1086,    5 5 8 10 ,  (10+5)×8/5 ,  (5-10/5)×8 ,,,,,,,,,
1087,    5 5 8 11 ,  8×5-11-5 ,,,,,,,,,,
1088,    5 5 8 12 ,  (5+5-8)×12 ,,,,,,,,,,
1089,    5 5 8 13 ,  (13-5-5)×8 ,  (13-5)×(8-5) ,,,,,,,,,
1090,    5 5 9 9 ,  5×5-9/9 ,,,,,,,,,,
1091,    5 5 9 10 ,  5×5+9-10 ,,,,,,,,,,
1092,    5 5 9 11 ,  (11-5)×(9-5) ,,,,,,,,,,
1093,    5 5 10 10 ,  5×5-10/10 ,,,,,,,,,,
1094,    5 5 10 11 ,  5×5+10-11 ,,,,,,,,,,
1095,    5 5 10 13 ,  5/5+13+10 ,  (5-13/5)×10 ,,,,,,,,,
1096,    5 5 11 11 ,  5×5-11/11 ,,,,,,,,,,
1097,    5 5 11 12 ,  5×5+11-12 ,  5/5+12+11 ,  (12-5)×5-11 ,,,,,,,,
1098,    5 5 11 13 ,  13+11+5-5 ,,,,,,,,,,
1099,    5 5 12 12 ,  (12-5-5)×12 ,  5×5-12/12 ,  12+12+5-5 ,,,,,,,,
1100,    5 5 12 13 ,  5×5+12-13 ,  13+12-5/5 ,,,,,,,,,
1101,    5 5 13 13 ,  5×5-13/13 ,,,,,,,,,,
1102,    5 6 6 6 ,  (5-6/6)×6 ,,,,,,,,,,
1103,    5 6 6 7 ,  7+6+6+5 ,  (6+5-7)×6 ,  6×6-7-5 ,  (6+6)×(7-5) ,,,,,,,
1104,    5 6 6 8 ,  (8-5)×6+6 ,,,,,,,,,,
1105,    5 6 6 9 ,  9×6-6×5 ,,,,,,,,,,
1106,    5 6 6 10 ,  (10-5)×6-6 ,  (6+6)×10/5 ,  (6-10/5)×6 ,,,,,,,,
1107,    5 6 6 12 ,  6×5+6-12 ,  12×5-6×6 ,  (12-6)×5-6 ,,,,,,,,
1108,    5 6 7 7 ,  (5-7/7)×6 ,,,,,,,,,,
1109,    5 6 7 8 ,  (7+5)×(8-6) ,  (7+5-8)×6 ,  8×6/(7-5) ,,,,,,,,
1110,    5 6 7 9 ,  (7-5)×9+6 ,,,,,,,,,,
1111,    5 6 7 12 ,  (7+5)×12/6 ,  (7-5)×6+12 ,,,,,,,,,
1112,    5 6 7 13 ,  6×5+7-13 ,  (13+7)×6/5 ,  7×6-13-5 ,  (13-7)×5-6 ,,,,,,,
1113,    5 6 8 8 ,  (6+5-8)×8 ,  (5-8/8)×6 ,,,,,,,,,
1114,    5 6 8 9 ,  (8+5-9)×6 ,  (9+6)×8/5 ,,,,,,,,,
1115,    5 6 8 10 ,  8×6×5/10 ,  8×5-10-6 ,  (8-5)×10-6 ,,,,,,,,
1116,    5 6 8 12 ,  (12+8)×6/5 ,  12×6/(8-5) ,  (5-12/6)×8 ,,,,,,,,
1117,    5 6 8 13 ,  (13+5)×8/6 ,,,,,,,,,,
1118,    5 6 9 9 ,  (9-6)×5+9 ,  (5-9/9)×6 ,,,,,,,,,
1119,    5 6 9 10 ,  (9+5-10)×6 ,  10×9/5+6 ,,,,,,,,,
1120,    5 6 9 11 ,  (11+9)×6/5 ,  (11+5)×9/6 ,,,,,,,,,
1121,    5 6 9 12 ,  (6+5-9)×12 ,  (12-6)×(9-5) ,,,,,,,,,
1122,    5 6 9 13 ,  (13-5)×(9-6) ,,,,,,,,,,
1123,    5 6 10 10 ,  (10+10)×6/5 ,  (5-10/10)×6 ,,,,,,,,,
1124,    5 6 10 11 ,  (10+5-11)×6 ,  (11-5)×(10-6) ,,,,,,,,,
1125,    5 6 10 12 ,  10×6/5+12 ,  (6-12/10)×5 ,,,,,,,,,
1126,    5 6 10 13 ,  13+10+6-5 ,,,,,,,,,,
1127,    5 6 11 11 ,  (5-11/11)×6 ,,,,,,,,,,
1128,    5 6 11 12 ,  12+11+6-5 ,  (11+5-12)×6 ,  (11-5)×6-12 ,,,,,,,,
1129,    5 6 11 13 ,  (13+11)×(6-5) ,  (13-6)×5-11 ,,,,,,,,,
1130,    5 6 12 12 ,  (12+12)×(6-5) ,  (5-12/12)×6 ,,,,,,,,,
1131,    5 6 12 13 ,  (13-6-5)×12 ,  13+12+5-6 ,  (12+5-13)×6 ,,,,,,,,
1132,    5 6 13 13 ,  (5-13/13)×6 ,,,,,,,,,,
1133,    5 7 7 9 ,  (7+5)×(9-7) ,,,,,,,,,,
1134,    5 7 7 10 ,  (7-5)×7+10 ,,,,,,,,,,
1135,    5 7 7 11 ,  (5-11/7)×7 ,,,,,,,,,,
1136,    5 7 8 8 ,  (7-5)×8+8 ,  (8+7)×8/5 ,,,,,,,,,
1137,    5 7 8 9 ,  (7+5-9)×8 ,  8×5-9-7 ,,,,,,,,,
1138,    5 7 8 10 ,  (7+5)×(10-8) ,,,,,,,,,,
1139,    5 7 9 10 ,  (10-7)×5+9 ,,,,,,,,,,
1140,    5 7 9 11 ,  (7+5)×(11-9) ,,,,,,,,,,
1141,    5 7 9 12 ,  (9+5)×12/7 ,,,,,,,,,,
1142,    5 7 9 13 ,  13+9+7-5 ,  (13-7)×(9-5) ,,,,,,,,,
1143,    5 7 10 10 ,  10×7/5+10 ,,,,,,,,,,
1144,    5 7 10 11 ,  (10-5)×7-11 ,,,,,,,,,,
1145,    5 7 10 12 ,  (7+5)×(12-10) ,  (7+5-10)×12 ,  12+10+7-5 ,,,,,,,,
1146,    5 7 10 13 ,  (13-5)×(10-7) ,,,,,,,,,,
1147,    5 7 11 11 ,  11+11+7-5 ,  (11-5)×(11-7) ,,,,,,,,,
1148,    5 7 11 13 ,  (7+5)×(13-11) ,,,,,,,,,,
1149,    5 7 12 12 ,  12×7-12×5 ,,,,,,,,,,
1150,    5 7 13 13 ,  13+13+5-7 ,,,,,,,,,,
1151,    5 8 8 8 ,  8×5-8-8 ,  8×8-8×5 ,,,,,,,,,
1152,    5 8 8 9 ,  9×8/(8-5) ,  (9-5)×8-8 ,,,,,,,,,
1153,    5 8 8 10 ,  (8+5-10)×8 ,  10×8/5+8 ,,,,,,,,,
1154,    5 8 8 13 ,  13+8+8-5 ,,,,,,,,,,
1155,    5 8 9 11 ,  (8-5)×11-9 ,  (9+5-11)×8 ,  (11-8)×5+9 ,,,,,,,,
1156,    5 8 9 12 ,  12+9+8-5 ,  12×8/(9-5) ,,,,,,,,,
1157,    5 8 9 13 ,  9×5-13-8 ,,,,,,,,,,
1158,    5 8 10 11 ,  11+10+8-5 ,,,,,,,,,,
1159,    5 8 10 12 ,  (10+5-12)×8 ,,,,,,,,,,
1160,    5 8 11 12 ,  (8+5-11)×12 ,  (11+5)×12/8 ,  (11-5)×(12-8) ,,,,,,,,
1161,    5 8 11 13 ,  (11+5-13)×8 ,  (13-5)×(11-8) ,,,,,,,,,
1162,    5 8 12 12 ,  (8-5)×12-12 ,,,,,,,,,,
1163,    5 9 9 11 ,  11+9+9-5 ,,,,,,,,,,
1164,    5 9 9 12 ,  9×5-12-9 ,  (9-5)×9-12 ,  (12-9)×5+9 ,,,,,,,,
1165,    5 9 10 10 ,  10+10+9-5 ,,,,,,,,,,
1166,    5 9 10 11 ,  9×5-11-10 ,,,,,,,,,,
1167,    5 9 10 13 ,  10/5+13+9 ,  (13-10)×5+9 ,,,,,,,,,
1168,    5 9 11 13 ,  (11-5)×(13-9) ,,,,,,,,,,
1169,    5 9 12 12 ,  (9+5-12)×12 ,  (12×9+12)/5 ,,,,,,,,,
1170,    5 9 12 13 ,  (13+5)×12/9 ,  (13-5)×(12-9) ,,,,,,,,,
1171,    5 10 10 11 ,  (11×10+10)/5 ,,,,,,,,,,
1172,    5 10 10 12 ,  12×10/(10-5) ,  10/5+12+10 ,,,,,,,,,
1173,    5 10 10 13 ,  (13×10-10)/5 ,,,,,,,,,,
1174,    5 10 11 11 ,  10/5+11+11 ,,,,,,,,,,
1175,    5 10 12 13 ,  (10+5-13)×12 ,,,,,,,,,,
1176,    5 10 13 13 ,  10×5-13-13 ,  13+13-10/5 ,  (13-5)×(13-10) ,,,,,,,,
1177,    5 11 12 12 ,  12×12/(11-5) ,  (12×11-12)/5 ,,,,,,,,,
1178,    6 6 6 6 ,  6+6+6+6 ,  6×6-6-6 ,,,,,,,,,
1179,    6 6 6 8 ,  (6+6)×(8-6) ,  (6+6-8)×6 ,,,,,,,,,
1180,    6 6 6 9 ,  6×6×6/9 ,  (9-6)×6+6 ,,,,,,,,,
1181,    6 6 6 10 ,  10×6-6×6 ,,,,,,,,,,
1182,    6 6 6 11 ,  (11-6)×6-6 ,,,,,,,,,,
1183,    6 6 6 12 ,  (6+6)×12/6 ,  (6-12/6)×6 ,,,,,,,,,
1184,    6 6 7 9 ,  (6+6)×(9-7) ,  (7+6-9)×6 ,,,,,,,,,
1185,    6 6 7 10 ,  (10-7)×6+6 ,,,,,,,,,,
1186,    6 6 7 11 ,  11×6-7×6 ,,,,,,,,,,
1187,    6 6 7 12 ,  7×6-12-6 ,  (12-7)×6-6 ,,,,,,,,,
1188,    6 6 8 8 ,  8×6/(8-6) ,,,,,,,,,,
1189,    6 6 8 9 ,  (6+6-9)×8 ,  (8-6)×9+6 ,,,,,,,,,
1190,    6 6 8 10 ,  (6+6)×(10-8) ,  (8+6-10)×6 ,,,,,,,,,
1191,    6 6 8 11 ,  (11-8)×6+6 ,,,,,,,,,,
1192,    6 6 8 12 ,  8×6×6/12 ,  12×6-8×6 ,  (8-6)×6+12 ,  (12+6)×8/6 ,,,,,,,
1193,    6 6 8 13 ,  (13-8)×6-6 ,,,,,,,,,,
1194,    6 6 9 10 ,  (9-6)×10-6 ,  (10+6)×9/6 ,,,,,,,,,
1195,    6 6 9 11 ,  (6+6)×(11-9) ,  (9+6-11)×6 ,,,,,,,,,
1196,    6 6 9 12 ,  12×6/(9-6) ,  12×9/6+6 ,  (12-9)×6+6 ,,,,,,,,
1197,    6 6 9 13 ,  13×6-9×6 ,,,,,,,,,,
1198,    6 6 10 12 ,  (6+6)×(12-10) ,  (6+6-10)×12 ,  (10+6-12)×6 ,  (12-6)×(10-6) ,,,,,,,
1199,    6 6 10 13 ,  6/6+13+10 ,  (13-10)×6+6 ,,,,,,,,,
1200,    6 6 11 12 ,  6/6+12+11 ,,,,,,,,,,
1201,    6 6 11 13 ,  (6+6)×(13-11) ,  13+11+6-6 ,  (11+6-13)×6 ,,,,,,,,
1202,    6 6 12 12 ,  12+12+6-6 ,  (12-6)×6-12 ,,,,,,,,,
1203,    6 6 12 13 ,  13+12-6/6 ,,,,,,,,,,
1204,    6 7 7 10 ,  (7+7-10)×6 ,,,,,,,,,,
1205,    6 7 7 11 ,  7×6-11-7 ,,,,,,,,,,
1206,    6 7 8 9 ,  8×6/(9-7) ,,,,,,,,,,
1207,    6 7 8 10 ,  (7+6-10)×8 ,  7×6-10-8 ,  (8-6)×7+10 ,,,,,,,,
1208,    6 7 8 11 ,  (11+7)×8/6 ,  (8+7-11)×6 ,,,,,,,,,
1209,    6 7 8 12 ,  (8+6)×12/7 ,,,,,,,,,,
1210,    6 7 9 9 ,  7×6-9-9 ,  (9+7)×9/6 ,  (9-7)×9+6 ,,,,,,,,
1211,    6 7 9 12 ,  (9+7-12)×6 ,  (9-7)×6+12 ,,,,,,,,,
1212,    6 7 10 10 ,  (10-7)×10-6 ,,,,,,,,,,
1213,    6 7 10 12 ,  12×7/6+10 ,  12×7-10×6 ,  12×6/(10-7) ,,,,,,,,
1214,    6 7 10 13 ,  13+10+7-6 ,  (13-7)×(10-6) ,  (10+7-13)×6 ,,,,,,,,
1215,    6 7 11 11 ,  (11-6)×7-11 ,,,,,,,,,,
1216,    6 7 11 12 ,  (7+6-11)×12 ,  12+11+7-6 ,  (12-6)×(11-7) ,,,,,,,,
1217,    6 7 11 13 ,  (13+11)×(7-6) ,,,,,,,,,,
1218,    6 7 12 12 ,  (12+12)×(7-6) ,,,,,,,,,,
1219,    6 7 12 13 ,  13+12+6-7 ,  (13-7)×6-12 ,,,,,,,,,
1220,    6 8 8 8 ,  (8-6)×8+8 ,,,,,,,,,,
1221,    6 8 8 9 ,  9×8-8×6 ,  (8+8)×9/6 ,,,,,,,,,
1222,    6 8 8 10 ,  8×6/(10-8) ,  (10+8)×8/6 ,  (10-6)×8-8 ,,,,,,,,
1223,    6 8 8 11 ,  (8+6-11)×8 ,,,,,,,,,,
1224,    6 8 8 12 ,  12×8/6+8 ,  (8+8-12)×6 ,,,,,,,,,
1225,    6 8 9 9 ,  (9+9)×8/6 ,  9×8/(9-6) ,,,,,,,,,
1226,    6 8 9 10 ,  (10-8)×9+6 ,,,,,,,,,,
1227,    6 8 9 11 ,  8×6/(11-9) ,,,,,,,,,,
1228,    6 8 9 12 ,  9×8/6+12 ,  (9+6-12)×8 ,,,,,,,,,
1229,    6 8 9 13 ,  13+9+8-6 ,  (9+8-13)×6 ,,,,,,,,,
1230,    6 8 10 11 ,  (11-8)×10-6 ,,,,,,,,,,
1231,    6 8 10 12 ,  8×6/(12-10) ,  12+10+8-6 ,  (10+6)×12/8 ,  12×8/(10-6) ,  (10-8)×6+12 ,,,,,,
1232,    6 8 10 13 ,  (10+6-13)×8 ,,,,,,,,,,
1233,    6 8 11 11 ,  11+11+8-6 ,,,,,,,,,,
1234,    6 8 11 12 ,  12×6/(11-8) ,,,,,,,,,,
1235,    6 8 11 13 ,  8×6-13-11 ,  8×6/(13-11) ,,,,,,,,,
1236,    6 8 12 12 ,  (8+6-12)×12 ,  8×6-12-12 ,  12×8-12×6 ,  (12-6)×(12-8) ,  12×12/8+6 ,,,,,,
1237,    6 8 13 13 ,  13+13+6-8 ,,,,,,,,,,
1238,    6 9 9 10 ,  10×9/6+9 ,,,,,,,,,,
1239,    6 9 9 11 ,  (9-6)×11-9 ,  (11-9)×9+6 ,,,,,,,,,
1240,    6 9 9 12 ,  12+9+9-6 ,,,,,,,,,,
1241,    6 9 10 11 ,  11+10+9-6 ,  10×9-11×6 ,,,,,,,,,
1242,    6 9 10 12 ,  (10-6)×9-12 ,  (12-9)×10-6 ,  (12-10)×9+6 ,,,,,,,,
1243,    6 9 11 12 ,  (11-9)×6+12 ,,,,,,,,,,
1244,    6 9 11 13 ,  (13-11)×9+6 ,,,,,,,,,,
1245,    6 9 12 12 ,  (9-6)×12-12 ,  (12+6)×12/9 ,  12×6/(12-9) ,,,,,,,,
1246,    6 9 12 13 ,  (9+6-13)×12 ,  (12-6)×(13-9) ,  12/6+13+9 ,,,,,,,,
1247,    6 10 10 10 ,  10+10+10-6 ,,,,,,,,,,
1248,    6 10 10 13 ,  (13-10)×10-6 ,,,,,,,,,,
1249,    6 10 11 12 ,  12×10/(11-6) ,,,,,,,,,,
1250,    6 10 12 12 ,  12/6+12+10 ,  (12-10)×6+12 ,,,,,,,,,
1251,    6 10 12 13 ,  12×6/(13-10) ,,,,,,,,,,
1252,    6 11 11 12 ,  12/6+11+11 ,,,,,,,,,,
1253,    6 11 12 12 ,  (12×11+12)/6 ,,,,,,,,,,
1254,    6 11 12 13 ,  (13-11)×6+12 ,,,,,,,,,,
1255,    6 12 12 12 ,  12×12/(12-6) ,,,,,,,,,,
1256,    6 12 12 13 ,  (13×12-12)/6 ,,,,,,,,,,
1257,    6 12 13 13 ,  13+13-12/6 ,,,,,,,,,,
1258,    7 7 7 12 ,  (7+7)×12/7 ,,,,,,,,,,
1259,    7 7 8 11 ,  (7+7-11)×8 ,,,,,,,,,,
1260,    7 7 9 10 ,  (9-7)×7+10 ,,,,,,,,,,
1261,    7 7 10 13 ,  7/7+13+10 ,,,,,,,,,,
1262,    7 7 11 12 ,  7/7+12+11 ,  (12-7)×7-11 ,,,,,,,,,
1263,    7 7 11 13 ,  13+11+7-7 ,  (13-7)×(11-7) ,,,,,,,,,
1264,    7 7 12 12 ,  (7+7-12)×12 ,  12+12+7-7 ,,,,,,,,,
1265,    7 7 12 13 ,  7×7-13-12 ,  13+12-7/7 ,,,,,,,,,
1266,    7 8 8 9 ,  (9-7)×8+8 ,,,,,,,,,,
1267,    7 8 8 10 ,  10×8-8×7 ,,,,,,,,,,
1268,    7 8 8 11 ,  (11-7)×8-8 ,,,,,,,,,,
1269,    7 8 8 12 ,  (8+7-12)×8 ,,,,,,,,,,
1270,    7 8 8 13 ,  (13+8)×8/7 ,,,,,,,,,,
1271,    7 8 9 10 ,  9×8/(10-7) ,,,,,,,,,,
1272,    7 8 9 12 ,  (12+9)×8/7 ,  (9+7)×12/8 ,,,,,,,,,
1273,    7 8 9 13 ,  (9+7-13)×8 ,,,,,,,,,,
1274,    7 8 10 10 ,  (10-8)×7+10 ,,,,,,,,,,
1275,    7 8 10 11 ,  (11+10)×8/7 ,,,,,,,,,,
1276,    7 8 10 13 ,  13+10+8-7 ,,,,,,,,,,
1277,    7 8 11 12 ,  12+11+8-7 ,  12×8/(11-7) ,,,,,,,,,
1278,    7 8 11 13 ,  (13+11)×(8-7) ,  (13-8)×7-11 ,,,,,,,,,
1279,    7 8 12 12 ,  (12+12)×(8-7) ,,,,,,,,,,
1280,    7 8 12 13 ,  (8+7-13)×12 ,  13+12+7-8 ,  (13-7)×(12-8) ,,,,,,,,
1281,    7 9 9 13 ,  13+9+9-7 ,,,,,,,,,,
1282,    7 9 10 11 ,  (10-7)×11-9 ,  (11-9)×7+10 ,,,,,,,,,
1283,    7 9 10 12 ,  12+10+9-7 ,,,,,,,,,,
1284,    7 9 11 11 ,  11+11+9-7 ,,,,,,,,,,
1285,    7 9 11 12 ,  (11+7)×12/9 ,  (11-7)×9-12 ,,,,,,,,,
1286,    7 9 12 12 ,  12×9-12×7 ,,,,,,,,,,
1287,    7 9 13 13 ,  13+13+7-9 ,  (13-7)×(13-9) ,,,,,,,,,
1288,    7 10 10 11 ,  11+10+10-7 ,,,,,,,,,,
1289,    7 10 10 12 ,  (12-10)×7+10 ,,,,,,,,,,
1290,    7 10 11 13 ,  (13-11)×7+10 ,,,,,,,,,,
1291,    7 10 12 12 ,  (10-7)×12-12 ,  12×10/(12-7) ,,,,,,,,,
1292,    7 10 12 13 ,  (13+7)×12/10 ,,,,,,,,,,
1293,    7 12 12 13 ,  12×12/(13-7) ,  (13×12+12)/7 ,,,,,,,,,
1294,    8 8 8 10 ,  (10-8)×8+8 ,,,,,,,,,,
1295,    8 8 8 11 ,  11×8-8×8 ,,,,,,,,,,
1296,    8 8 8 12 ,  (8+8)×12/8 ,  (12-8)×8-8 ,,,,,,,,,
1297,    8 8 8 13 ,  (8+8-13)×8 ,,,,,,,,,,
1298,    8 8 9 11 ,  9×8/(11-8) ,  (11-9)×8+8 ,,,,,,,,,
1299,    8 8 9 12 ,  12×8-9×8 ,,,,,,,,,,
1300,    8 8 9 13 ,  (13-9)×8-8 ,,,,,,,,,,
1301,    8 8 10 12 ,  (12-10)×8+8 ,,,,,,,,,,
1302,    8 8 10 13 ,  8/8+13+10 ,  13×8-10×8 ,,,,,,,,,
1303,    8 8 11 12 ,  8/8+12+11 ,,,,,,,,,,
1304,    8 8 11 13 ,  13+11+8-8 ,  (13-11)×8+8 ,,,,,,,,,
1305,    8 8 12 12 ,  12+12+8-8 ,  12×8/(12-8) ,,,,,,,,,
1306,    8 8 12 13 ,  13+12-8/8 ,,,,,,,,,,
1307,    8 9 9 12 ,  9×8/(12-9) ,,,,,,,,,,
1308,    8 9 10 12 ,  (10+8)×12/9 ,  12×10/8+9 ,,,,,,,,,
1309,    8 9 10 13 ,  9×8/(13-10) ,  13+10+9-8 ,,,,,,,,,
1310,    8 9 11 11 ,  (11-8)×11-9 ,,,,,,,,,,
1311,    8 9 11 12 ,  12+11+9-8 ,,,,,,,,,,
1312,    8 9 11 13 ,  (13+11)×(9-8) ,,,,,,,,,,
1313,    8 9 12 12 ,  (12+12)×(9-8) ,  (12-8)×9-12 ,  12×12/9+8 ,,,,,,,,
1314,    8 9 12 13 ,  13+12+8-9 ,  12×8/(13-9) ,,,,,,,,,
1315,    8 10 10 12 ,  12+10+10-8 ,,,,,,,,,,
1316,    8 10 11 11 ,  11+11+10-8 ,,,,,,,,,,
1317,    8 10 12 12 ,  (12+8)×12/10 ,  12×10-12×8 ,,,,,,,,,
1318,    8 10 12 13 ,  12×10/(13-8) ,,,,,,,,,,
1319,    8 10 13 13 ,  13+13+8-10 ,,,,,,,,,,
1320,    8 11 12 12 ,  (11-8)×12-12 ,,,,,,,,,,
1321,    9 9 9 12 ,  (9+9)×12/9 ,,,,,,,,,,
1322,    9 9 10 13 ,  9/9+13+10 ,,,,,,,,,,
1323,    9 9 11 12 ,  9/9+12+11 ,  (12-9)×11-9 ,,,,,,,,,
1324,    9 9 11 13 ,  13+11+9-9 ,,,,,,,,,,
1325,    9 9 12 12 ,  12+12+9-9 ,,,,,,,,,,
1326,    9 9 12 13 ,  13+12-9/9 ,  (13-9)×9-12 ,,,,,,,,,
1327,    9 10 10 13 ,  13+10+10-9 ,,,,,,,,,,
1328,    9 10 11 12 ,  12+11+10-9 ,  (11+9)×12/10 ,,,,,,,,,
1329,    9 10 11 13 ,  (13+11)×(10-9) ,  (13-10)×11-9 ,,,,,,,,,
1330,    9 10 12 12 ,  (12+12)×(10-9) ,,,,,,,,,,
1331,    9 10 12 13 ,  13+12+9-10 ,,,,,,,,,,
1332,    9 11 11 11 ,  11+11+11-9 ,,,,,,,,,,
1333,    9 11 12 12 ,  12×11-12×9 ,,,,,,,,,,
1334,    9 11 12 13 ,  (13+9)×12/11 ,,,,,,,,,,
1335,    9 11 13 13 ,  13+13+9-11 ,,,,,,,,,,
1336,    9 12 12 12 ,  (12-9)×12-12 ,,,,,,,,,,
1337,    10 10 10 12 ,  (10+10)×12/10 ,,,,,,,,,,
1338,    10 10 10 13 ,  10/10+13+10 ,,,,,,,,,,
1339,    10 10 11 12 ,  10/10+12+11 ,,,,,,,,,,
1340,    10 10 11 13 ,  13+11+10-10 ,,,,,,,,,,
1341,    10 10 12 12 ,  12+12+10-10 ,,,,,,,,,,
1342,    10 10 12 13 ,  13+12-10/10 ,,,,,,,,,,
1343,    10 11 11 12 ,  12+11+11-10 ,,,,,,,,,,
1344,    10 11 11 13 ,  (13+11)×(11-10) ,  11/11+13+10 ,,,,,,,,,
1345,    10 11 12 12 ,  (12+12)×(11-10) ,  (12+10)×12/11 ,,,,,,,,,
1346,    10 11 12 13 ,  13+12+10-11 ,,,,,,,,,,
1347,    10 12 12 12 ,  12×12-12×10 ,,,,,,,,,,
1348,    10 12 12 13 ,  12/12+13+10 ,  (13-10)×12-12 ,,,,,,,,,
1349,    10 12 13 13 ,  13+13+10-12 ,,,,,,,,,,
1350,    10 13 13 13 ,  13/13+13+10 ,,,,,,,,,,
1351,    11 11 11 12 ,  (11+11)×12/11 ,  11/11+12+11 ,,,,,,,,,
1352,    11 11 11 13 ,  13+11+11-11 ,,,,,,,,,,
1353,    11 11 12 12 ,  12+12+11-11 ,,,,,,,,,,
1354,    11 11 12 13 ,  13+12-11/11 ,  (13+11)×(12-11) ,,,,,,,,,
1355,    11 12 12 12 ,  12/12+12+11 ,  (12+12)×(12-11) ,,,,,,,,,
1356,    11 12 12 13 ,  13+12+11-12 ,  13×12-12×11 ,,,,,,,,,
1357,    11 12 13 13 ,  13/13+12+11 ,  (13+11)×(13-12) ,,,,,,,,,
1358,    11 13 13 13 ,  13+13+11-13 ,,,,,,,,,,
1359,    12 12 12 12 ,  12+12+12-12 ,,,,,,,,,,
1360,    12 12 12 13 ,  (12+12)×(13-12) ,  13+12-12/12 ,,,,,,,,,
1361,    12 12 13 13 ,  13+12+12-13 ,,,,,,,,,,
1362,    12 13 13 13 ,  13+12-13/13 ,  (13+13)×12/13 ,,,,,,,,,
